id,kode_provinsi,nama_provinsi,kode_kabupaten_kota,nama_kabupaten_kota,kode_bulan,nama_bulan,rata_rata_harga_produsen,satuan,tahun
1,32,JAWA BARAT,3201,KABUPATEN BOGOR,1,JANUARI,18658,RUPIAH/KILOGRAM,2021
2,32,JAWA BARAT,3201,KABUPATEN BOGOR,2,FEBRUARI,19071,RUPIAH/KILOGRAM,2021
3,32,JAWA BARAT,3201,KABUPATEN BOGOR,3,MARET,19423,RUPIAH/KILOGRAM,2021
4,32,JAWA BARAT,3201,KABUPATEN BOGOR,4,APRIL,19238,RUPIAH/KILOGRAM,2021
5,32,JAWA BARAT,3201,KABUPATEN BOGOR,5,MEI,20165,RUPIAH/KILOGRAM,2021
6,32,JAWA BARAT,3201,KABUPATEN BOGOR,6,JUNI,20135,RUPIAH/KILOGRAM,2021
7,32,JAWA BARAT,3201,KABUPATEN BOGOR,7,JULI,21710,RUPIAH/KILOGRAM,2021
8,32,JAWA BARAT,3201,KABUPATEN BOGOR,8,AGUSTUS,20677,RUPIAH/KILOGRAM,2021
9,32,JAWA BARAT,3201,KABUPATEN BOGOR,9,SEPTEMBER,19966,RUPIAH/KILOGRAM,2021
10,32,JAWA BARAT,3201,KABUPATEN BOGOR,10,OKTOBER,19741,RUPIAH/KILOGRAM,2021
11,32,JAWA BARAT,3201,KABUPATEN BOGOR,11,NOVEMBER,19133,RUPIAH/KILOGRAM,2021
12,32,JAWA BARAT,3201,KABUPATEN BOGOR,12,DESEMBER,18823,RUPIAH/KILOGRAM,2021
13,32,JAWA BARAT,3202,KABUPATEN SUKABUMI,1,JANUARI,20065,RUPIAH/KILOGRAM,2021
14,32,JAWA BARAT,3202,KABUPATEN SUKABUMI,2,FEBRUARI,21000,RUPIAH/KILOGRAM,2021
15,32,JAWA BARAT,3202,KABUPATEN SUKABUMI,3,MARET,21000,RUPIAH/KILOGRAM,2021
16,32,JAWA BARAT,3202,KABUPATEN SUKABUMI,4,APRIL,17167,RUPIAH/KILOGRAM,2021
17,32,JAWA BARAT,3202,KABUPATEN SUKABUMI,5,MEI,17000,RUPIAH/KILOGRAM,2021
18,32,JAWA BARAT,3202,KABUPATEN SUKABUMI,6,JUNI,19067,RUPIAH/KILOGRAM,2021
19,32,JAWA BARAT,3202,KABUPATEN SUKABUMI,7,JULI,20000,RUPIAH/KILOGRAM,2021
20,32,JAWA BARAT,3202,KABUPATEN SUKABUMI,8,AGUSTUS,20000,RUPIAH/KILOGRAM,2021
21,32,JAWA BARAT,3202,KABUPATEN SUKABUMI,9,SEPTEMBER,20000,RUPIAH/KILOGRAM,2021
22,32,JAWA BARAT,3202,KABUPATEN SUKABUMI,10,OKTOBER,20000,RUPIAH/KILOGRAM,2021
23,32,JAWA BARAT,3202,KABUPATEN SUKABUMI,11,NOVEMBER,20000,RUPIAH/KILOGRAM,2021
24,32,JAWA BARAT,3202,KABUPATEN SUKABUMI,12,DESEMBER,20000,RUPIAH/KILOGRAM,2021
25,32,JAWA BARAT,3203,KABUPATEN CIANJUR,1,JANUARI,0,RUPIAH/KILOGRAM,2021
26,32,JAWA BARAT,3203,KABUPATEN CIANJUR,2,FEBRUARI,0,RUPIAH/KILOGRAM,2021
27,32,JAWA BARAT,3203,KABUPATEN CIANJUR,3,MARET,0,RUPIAH/KILOGRAM,2021
28,32,JAWA BARAT,3203,KABUPATEN CIANJUR,4,APRIL,0,RUPIAH/KILOGRAM,2021
29,32,JAWA BARAT,3203,KABUPATEN CIANJUR,5,MEI,0,RUPIAH/KILOGRAM,2021
30,32,JAWA BARAT,3203,KABUPATEN CIANJUR,6,JUNI,0,RUPIAH/KILOGRAM,2021
31,32,JAWA BARAT,3203,KABUPATEN CIANJUR,7,JULI,0,RUPIAH/KILOGRAM,2021
32,32,JAWA BARAT,3203,KABUPATEN CIANJUR,8,AGUSTUS,0,RUPIAH/KILOGRAM,2021
33,32,JAWA BARAT,3203,KABUPATEN CIANJUR,9,SEPTEMBER,0,RUPIAH/KILOGRAM,2021
34,32,JAWA BARAT,3203,KABUPATEN CIANJUR,10,OKTOBER,0,RUPIAH/KILOGRAM,2021
35,32,JAWA BARAT,3203,KABUPATEN CIANJUR,11,NOVEMBER,0,RUPIAH/KILOGRAM,2021
36,32,JAWA BARAT,3203,KABUPATEN CIANJUR,12,DESEMBER,0,RUPIAH/KILOGRAM,2021
37,32,JAWA BARAT,3204,KABUPATEN BANDUNG,1,JANUARI,0,RUPIAH/KILOGRAM,2021
38,32,JAWA BARAT,3204,KABUPATEN BANDUNG,2,FEBRUARI,0,RUPIAH/KILOGRAM,2021
39,32,JAWA BARAT,3204,KABUPATEN BANDUNG,3,MARET,0,RUPIAH/KILOGRAM,2021
40,32,JAWA BARAT,3204,KABUPATEN BANDUNG,4,APRIL,0,RUPIAH/KILOGRAM,2021
41,32,JAWA BARAT,3204,KABUPATEN BANDUNG,5,MEI,0,RUPIAH/KILOGRAM,2021
42,32,JAWA BARAT,3204,KABUPATEN BANDUNG,6,JUNI,0,RUPIAH/KILOGRAM,2021
43,32,JAWA BARAT,3204,KABUPATEN BANDUNG,7,JULI,0,RUPIAH/KILOGRAM,2021
44,32,JAWA BARAT,3204,KABUPATEN BANDUNG,8,AGUSTUS,0,RUPIAH/KILOGRAM,2021
45,32,JAWA BARAT,3204,KABUPATEN BANDUNG,9,SEPTEMBER,0,RUPIAH/KILOGRAM,2021
46,32,JAWA BARAT,3204,KABUPATEN BANDUNG,10,OKTOBER,0,RUPIAH/KILOGRAM,2021
47,32,JAWA BARAT,3204,KABUPATEN BANDUNG,11,NOVEMBER,0,RUPIAH/KILOGRAM,2021
48,32,JAWA BARAT,3204,KABUPATEN BANDUNG,12,DESEMBER,0,RUPIAH/KILOGRAM,2021
49,32,JAWA BARAT,3205,KABUPATEN GARUT,1,JANUARI,0,RUPIAH/KILOGRAM,2021
50,32,JAWA BARAT,3205,KABUPATEN GARUT,2,FEBRUARI,0,RUPIAH/KILOGRAM,2021
51,32,JAWA BARAT,3205,KABUPATEN GARUT,3,MARET,0,RUPIAH/KILOGRAM,2021
52,32,JAWA BARAT,3205,KABUPATEN GARUT,4,APRIL,0,RUPIAH/KILOGRAM,2021
53,32,JAWA BARAT,3205,KABUPATEN GARUT,5,MEI,0,RUPIAH/KILOGRAM,2021
54,32,JAWA BARAT,3205,KABUPATEN GARUT,6,JUNI,0,RUPIAH/KILOGRAM,2021
55,32,JAWA BARAT,3205,KABUPATEN GARUT,7,JULI,0,RUPIAH/KILOGRAM,2021
56,32,JAWA BARAT,3205,KABUPATEN GARUT,8,AGUSTUS,0,RUPIAH/KILOGRAM,2021
57,32,JAWA BARAT,3205,KABUPATEN GARUT,9,SEPTEMBER,0,RUPIAH/KILOGRAM,2021
58,32,JAWA BARAT,3205,KABUPATEN GARUT,10,OKTOBER,0,RUPIAH/KILOGRAM,2021
59,32,JAWA BARAT,3205,KABUPATEN GARUT,11,NOVEMBER,0,RUPIAH/KILOGRAM,2021
60,32,JAWA BARAT,3205,KABUPATEN GARUT,12,DESEMBER,0,RUPIAH/KILOGRAM,2021
61,32,JAWA BARAT,3206,KABUPATEN TASIKMALAYA,1,JANUARI,0,RUPIAH/KILOGRAM,2021
62,32,JAWA BARAT,3206,KABUPATEN TASIKMALAYA,2,FEBRUARI,0,RUPIAH/KILOGRAM,2021
63,32,JAWA BARAT,3206,KABUPATEN TASIKMALAYA,3,MARET,0,RUPIAH/KILOGRAM,2021
64,32,JAWA BARAT,3206,KABUPATEN TASIKMALAYA,4,APRIL,0,RUPIAH/KILOGRAM,2021
65,32,JAWA BARAT,3206,KABUPATEN TASIKMALAYA,5,MEI,0,RUPIAH/KILOGRAM,2021
66,32,JAWA BARAT,3206,KABUPATEN TASIKMALAYA,6,JUNI,0,RUPIAH/KILOGRAM,2021
67,32,JAWA BARAT,3206,KABUPATEN TASIKMALAYA,7,JULI,0,RUPIAH/KILOGRAM,2021
68,32,JAWA BARAT,3206,KABUPATEN TASIKMALAYA,8,AGUSTUS,0,RUPIAH/KILOGRAM,2021
69,32,JAWA BARAT,3206,KABUPATEN TASIKMALAYA,9,SEPTEMBER,0,RUPIAH/KILOGRAM,2021
70,32,JAWA BARAT,3206,KABUPATEN TASIKMALAYA,10,OKTOBER,0,RUPIAH/KILOGRAM,2021
71,32,JAWA BARAT,3206,KABUPATEN TASIKMALAYA,11,NOVEMBER,0,RUPIAH/KILOGRAM,2021
72,32,JAWA BARAT,3206,KABUPATEN TASIKMALAYA,12,DESEMBER,0,RUPIAH/KILOGRAM,2021
73,32,JAWA BARAT,3207,KABUPATEN CIAMIS,1,JANUARI,19000,RUPIAH/KILOGRAM,2021
74,32,JAWA BARAT,3207,KABUPATEN CIAMIS,2,FEBRUARI,20000,RUPIAH/KILOGRAM,2021
75,32,JAWA BARAT,3207,KABUPATEN CIAMIS,3,MARET,19097,RUPIAH/KILOGRAM,2021
76,32,JAWA BARAT,3207,KABUPATEN CIAMIS,4,APRIL,18783,RUPIAH/KILOGRAM,2021
77,32,JAWA BARAT,3207,KABUPATEN CIAMIS,5,MEI,18520,RUPIAH/KILOGRAM,2021
78,32,JAWA BARAT,3207,KABUPATEN CIAMIS,6,JUNI,18667,RUPIAH/KILOGRAM,2021
79,32,JAWA BARAT,3207,KABUPATEN CIAMIS,7,JULI,17097,RUPIAH/KILOGRAM,2021
80,32,JAWA BARAT,3207,KABUPATEN CIAMIS,8,AGUSTUS,16516,RUPIAH/KILOGRAM,2021
81,32,JAWA BARAT,3207,KABUPATEN CIAMIS,9,SEPTEMBER,17000,RUPIAH/KILOGRAM,2021
82,32,JAWA BARAT,3207,KABUPATEN CIAMIS,10,OKTOBER,18016,RUPIAH/KILOGRAM,2021
83,32,JAWA BARAT,3207,KABUPATEN CIAMIS,11,NOVEMBER,19300,RUPIAH/KILOGRAM,2021
84,32,JAWA BARAT,3207,KABUPATEN CIAMIS,12,DESEMBER,18681,RUPIAH/KILOGRAM,2021
85,32,JAWA BARAT,3208,KABUPATEN KUNINGAN,1,JANUARI,19677,RUPIAH/KILOGRAM,2021
86,32,JAWA BARAT,3208,KABUPATEN KUNINGAN,2,FEBRUARI,18000,RUPIAH/KILOGRAM,2021
87,32,JAWA BARAT,3208,KABUPATEN KUNINGAN,3,MARET,20000,RUPIAH/KILOGRAM,2021
88,32,JAWA BARAT,3208,KABUPATEN KUNINGAN,4,APRIL,17000,RUPIAH/KILOGRAM,2021
89,32,JAWA BARAT,3208,KABUPATEN KUNINGAN,5,MEI,18000,RUPIAH/KILOGRAM,2021
90,32,JAWA BARAT,3208,KABUPATEN KUNINGAN,6,JUNI,18483,RUPIAH/KILOGRAM,2021
91,32,JAWA BARAT,3208,KABUPATEN KUNINGAN,7,JULI,18452,RUPIAH/KILOGRAM,2021
92,32,JAWA BARAT,3208,KABUPATEN KUNINGAN,8,AGUSTUS,17887,RUPIAH/KILOGRAM,2021
93,32,JAWA BARAT,3208,KABUPATEN KUNINGAN,9,SEPTEMBER,18000,RUPIAH/KILOGRAM,2021
94,32,JAWA BARAT,3208,KABUPATEN KUNINGAN,10,OKTOBER,20600,RUPIAH/KILOGRAM,2021
95,32,JAWA BARAT,3208,KABUPATEN KUNINGAN,11,NOVEMBER,22000,RUPIAH/KILOGRAM,2021
96,32,JAWA BARAT,3208,KABUPATEN KUNINGAN,12,DESEMBER,22548,RUPIAH/KILOGRAM,2021
97,32,JAWA BARAT,3209,KABUPATEN CIREBON,1,JANUARI,0,RUPIAH/KILOGRAM,2021
98,32,JAWA BARAT,3209,KABUPATEN CIREBON,2,FEBRUARI,0,RUPIAH/KILOGRAM,2021
99,32,JAWA BARAT,3209,KABUPATEN CIREBON,3,MARET,0,RUPIAH/KILOGRAM,2021
100,32,JAWA BARAT,3209,KABUPATEN CIREBON,4,APRIL,0,RUPIAH/KILOGRAM,2021
101,32,JAWA BARAT,3209,KABUPATEN CIREBON,5,MEI,0,RUPIAH/KILOGRAM,2021
102,32,JAWA BARAT,3209,KABUPATEN CIREBON,6,JUNI,0,RUPIAH/KILOGRAM,2021
103,32,JAWA BARAT,3209,KABUPATEN CIREBON,7,JULI,0,RUPIAH/KILOGRAM,2021
104,32,JAWA BARAT,3209,KABUPATEN CIREBON,8,AGUSTUS,0,RUPIAH/KILOGRAM,2021
105,32,JAWA BARAT,3209,KABUPATEN CIREBON,9,SEPTEMBER,0,RUPIAH/KILOGRAM,2021
106,32,JAWA BARAT,3209,KABUPATEN CIREBON,10,OKTOBER,0,RUPIAH/KILOGRAM,2021
107,32,JAWA BARAT,3209,KABUPATEN CIREBON,11,NOVEMBER,0,RUPIAH/KILOGRAM,2021
108,32,JAWA BARAT,3209,KABUPATEN CIREBON,12,DESEMBER,0,RUPIAH/KILOGRAM,2021
109,32,JAWA BARAT,3210,KABUPATEN MAJALENGKA,1,JANUARI,0,RUPIAH/KILOGRAM,2021
110,32,JAWA BARAT,3210,KABUPATEN MAJALENGKA,2,FEBRUARI,0,RUPIAH/KILOGRAM,2021
111,32,JAWA BARAT,3210,KABUPATEN MAJALENGKA,3,MARET,0,RUPIAH/KILOGRAM,2021
112,32,JAWA BARAT,3210,KABUPATEN MAJALENGKA,4,APRIL,0,RUPIAH/KILOGRAM,2021
113,32,JAWA BARAT,3210,KABUPATEN MAJALENGKA,5,MEI,0,RUPIAH/KILOGRAM,2021
114,32,JAWA BARAT,3210,KABUPATEN MAJALENGKA,6,JUNI,0,RUPIAH/KILOGRAM,2021
115,32,JAWA BARAT,3210,KABUPATEN MAJALENGKA,7,JULI,0,RUPIAH/KILOGRAM,2021
116,32,JAWA BARAT,3210,KABUPATEN MAJALENGKA,8,AGUSTUS,0,RUPIAH/KILOGRAM,2021
117,32,JAWA BARAT,3210,KABUPATEN MAJALENGKA,9,SEPTEMBER,0,RUPIAH/KILOGRAM,2021
118,32,JAWA BARAT,3210,KABUPATEN MAJALENGKA,10,OKTOBER,0,RUPIAH/KILOGRAM,2021
119,32,JAWA BARAT,3210,KABUPATEN MAJALENGKA,11,NOVEMBER,0,RUPIAH/KILOGRAM,2021
120,32,JAWA BARAT,3210,KABUPATEN MAJALENGKA,12,DESEMBER,0,RUPIAH/KILOGRAM,2021
121,32,JAWA BARAT,3211,KABUPATEN SUMEDANG,1,JANUARI,0,RUPIAH/KILOGRAM,2021
122,32,JAWA BARAT,3211,KABUPATEN SUMEDANG,2,FEBRUARI,0,RUPIAH/KILOGRAM,2021
123,32,JAWA BARAT,3211,KABUPATEN SUMEDANG,3,MARET,0,RUPIAH/KILOGRAM,2021
124,32,JAWA BARAT,3211,KABUPATEN SUMEDANG,4,APRIL,0,RUPIAH/KILOGRAM,2021
125,32,JAWA BARAT,3211,KABUPATEN SUMEDANG,5,MEI,0,RUPIAH/KILOGRAM,2021
126,32,JAWA BARAT,3211,KABUPATEN SUMEDANG,6,JUNI,0,RUPIAH/KILOGRAM,2021
127,32,JAWA BARAT,3211,KABUPATEN SUMEDANG,7,JULI,0,RUPIAH/KILOGRAM,2021
128,32,JAWA BARAT,3211,KABUPATEN SUMEDANG,8,AGUSTUS,0,RUPIAH/KILOGRAM,2021
129,32,JAWA BARAT,3211,KABUPATEN SUMEDANG,9,SEPTEMBER,0,RUPIAH/KILOGRAM,2021
130,32,JAWA BARAT,3211,KABUPATEN SUMEDANG,10,OKTOBER,0,RUPIAH/KILOGRAM,2021
131,32,JAWA BARAT,3211,KABUPATEN SUMEDANG,11,NOVEMBER,0,RUPIAH/KILOGRAM,2021
132,32,JAWA BARAT,3211,KABUPATEN SUMEDANG,12,DESEMBER,0,RUPIAH/KILOGRAM,2021
133,32,JAWA BARAT,3212,KABUPATEN INDRAMAYU,1,JANUARI,0,RUPIAH/KILOGRAM,2021
134,32,JAWA BARAT,3212,KABUPATEN INDRAMAYU,2,FEBRUARI,0,RUPIAH/KILOGRAM,2021
135,32,JAWA BARAT,3212,KABUPATEN INDRAMAYU,3,MARET,0,RUPIAH/KILOGRAM,2021
136,32,JAWA BARAT,3212,KABUPATEN INDRAMAYU,4,APRIL,0,RUPIAH/KILOGRAM,2021
137,32,JAWA BARAT,3212,KABUPATEN INDRAMAYU,5,MEI,0,RUPIAH/KILOGRAM,2021
138,32,JAWA BARAT,3212,KABUPATEN INDRAMAYU,6,JUNI,0,RUPIAH/KILOGRAM,2021
139,32,JAWA BARAT,3212,KABUPATEN INDRAMAYU,7,JULI,0,RUPIAH/KILOGRAM,2021
140,32,JAWA BARAT,3212,KABUPATEN INDRAMAYU,8,AGUSTUS,0,RUPIAH/KILOGRAM,2021
141,32,JAWA BARAT,3212,KABUPATEN INDRAMAYU,9,SEPTEMBER,0,RUPIAH/KILOGRAM,2021
142,32,JAWA BARAT,3212,KABUPATEN INDRAMAYU,10,OKTOBER,0,RUPIAH/KILOGRAM,2021
143,32,JAWA BARAT,3212,KABUPATEN INDRAMAYU,11,NOVEMBER,0,RUPIAH/KILOGRAM,2021
144,32,JAWA BARAT,3212,KABUPATEN INDRAMAYU,12,DESEMBER,0,RUPIAH/KILOGRAM,2021
145,32,JAWA BARAT,3213,KABUPATEN SUBANG,1,JANUARI,20000,RUPIAH/KILOGRAM,2021
146,32,JAWA BARAT,3213,KABUPATEN SUBANG,2,FEBRUARI,20000,RUPIAH/KILOGRAM,2021
147,32,JAWA BARAT,3213,KABUPATEN SUBANG,3,MARET,20000,RUPIAH/KILOGRAM,2021
148,32,JAWA BARAT,3213,KABUPATEN SUBANG,4,APRIL,20000,RUPIAH/KILOGRAM,2021
149,32,JAWA BARAT,3213,KABUPATEN SUBANG,5,MEI,20000,RUPIAH/KILOGRAM,2021
150,32,JAWA BARAT,3213,KABUPATEN SUBANG,6,JUNI,20000,RUPIAH/KILOGRAM,2021
151,32,JAWA BARAT,3213,KABUPATEN SUBANG,7,JULI,20000,RUPIAH/KILOGRAM,2021
152,32,JAWA BARAT,3213,KABUPATEN SUBANG,8,AGUSTUS,20000,RUPIAH/KILOGRAM,2021
153,32,JAWA BARAT,3213,KABUPATEN SUBANG,9,SEPTEMBER,20000,RUPIAH/KILOGRAM,2021
154,32,JAWA BARAT,3213,KABUPATEN SUBANG,10,OKTOBER,20000,RUPIAH/KILOGRAM,2021
155,32,JAWA BARAT,3213,KABUPATEN SUBANG,11,NOVEMBER,20000,RUPIAH/KILOGRAM,2021
156,32,JAWA BARAT,3213,KABUPATEN SUBANG,12,DESEMBER,23000,RUPIAH/KILOGRAM,2021
157,32,JAWA BARAT,3214,KABUPATEN PURWAKARTA,1,JANUARI,35000,RUPIAH/KILOGRAM,2021
158,32,JAWA BARAT,3214,KABUPATEN PURWAKARTA,2,FEBRUARI,35000,RUPIAH/KILOGRAM,2021
159,32,JAWA BARAT,3214,KABUPATEN PURWAKARTA,3,MARET,35000,RUPIAH/KILOGRAM,2021
160,32,JAWA BARAT,3214,KABUPATEN PURWAKARTA,4,APRIL,20000,RUPIAH/KILOGRAM,2021
161,32,JAWA BARAT,3214,KABUPATEN PURWAKARTA,5,MEI,17000,RUPIAH/KILOGRAM,2021
162,32,JAWA BARAT,3214,KABUPATEN PURWAKARTA,6,JUNI,17000,RUPIAH/KILOGRAM,2021
163,32,JAWA BARAT,3214,KABUPATEN PURWAKARTA,7,JULI,17000,RUPIAH/KILOGRAM,2021
164,32,JAWA BARAT,3214,KABUPATEN PURWAKARTA,8,AGUSTUS,17000,RUPIAH/KILOGRAM,2021
165,32,JAWA BARAT,3214,KABUPATEN PURWAKARTA,9,SEPTEMBER,18310,RUPIAH/KILOGRAM,2021
166,32,JAWA BARAT,3214,KABUPATEN PURWAKARTA,10,OKTOBER,17000,RUPIAH/KILOGRAM,2021
167,32,JAWA BARAT,3214,KABUPATEN PURWAKARTA,11,NOVEMBER,17000,RUPIAH/KILOGRAM,2021
168,32,JAWA BARAT,3214,KABUPATEN PURWAKARTA,12,DESEMBER,19806,RUPIAH/KILOGRAM,2021
169,32,JAWA BARAT,3215,KABUPATEN KARAWANG,1,JANUARI,22000,RUPIAH/KILOGRAM,2021
170,32,JAWA BARAT,3215,KABUPATEN KARAWANG,2,FEBRUARI,22000,RUPIAH/KILOGRAM,2021
171,32,JAWA BARAT,3215,KABUPATEN KARAWANG,3,MARET,22000,RUPIAH/KILOGRAM,2021
172,32,JAWA BARAT,3215,KABUPATEN KARAWANG,4,APRIL,22000,RUPIAH/KILOGRAM,2021
173,32,JAWA BARAT,3215,KABUPATEN KARAWANG,5,MEI,22000,RUPIAH/KILOGRAM,2021
174,32,JAWA BARAT,3215,KABUPATEN KARAWANG,6,JUNI,22000,RUPIAH/KILOGRAM,2021
175,32,JAWA BARAT,3215,KABUPATEN KARAWANG,7,JULI,22000,RUPIAH/KILOGRAM,2021
176,32,JAWA BARAT,3215,KABUPATEN KARAWANG,8,AGUSTUS,22000,RUPIAH/KILOGRAM,2021
177,32,JAWA BARAT,3215,KABUPATEN KARAWANG,9,SEPTEMBER,22000,RUPIAH/KILOGRAM,2021
178,32,JAWA BARAT,3215,KABUPATEN KARAWANG,10,OKTOBER,22000,RUPIAH/KILOGRAM,2021
179,32,JAWA BARAT,3215,KABUPATEN KARAWANG,11,NOVEMBER,22000,RUPIAH/KILOGRAM,2021
180,32,JAWA BARAT,3215,KABUPATEN KARAWANG,12,DESEMBER,22000,RUPIAH/KILOGRAM,2021
181,32,JAWA BARAT,3216,KABUPATEN BEKASI,1,JANUARI,0,RUPIAH/KILOGRAM,2021
182,32,JAWA BARAT,3216,KABUPATEN BEKASI,2,FEBRUARI,0,RUPIAH/KILOGRAM,2021
183,32,JAWA BARAT,3216,KABUPATEN BEKASI,3,MARET,0,RUPIAH/KILOGRAM,2021
184,32,JAWA BARAT,3216,KABUPATEN BEKASI,4,APRIL,0,RUPIAH/KILOGRAM,2021
185,32,JAWA BARAT,3216,KABUPATEN BEKASI,5,MEI,0,RUPIAH/KILOGRAM,2021
186,32,JAWA BARAT,3216,KABUPATEN BEKASI,6,JUNI,0,RUPIAH/KILOGRAM,2021
187,32,JAWA BARAT,3216,KABUPATEN BEKASI,7,JULI,0,RUPIAH/KILOGRAM,2021
188,32,JAWA BARAT,3216,KABUPATEN BEKASI,8,AGUSTUS,0,RUPIAH/KILOGRAM,2021
189,32,JAWA BARAT,3216,KABUPATEN BEKASI,9,SEPTEMBER,0,RUPIAH/KILOGRAM,2021
190,32,JAWA BARAT,3216,KABUPATEN BEKASI,10,OKTOBER,0,RUPIAH/KILOGRAM,2021
191,32,JAWA BARAT,3216,KABUPATEN BEKASI,11,NOVEMBER,0,RUPIAH/KILOGRAM,2021
192,32,JAWA BARAT,3216,KABUPATEN BEKASI,12,DESEMBER,0,RUPIAH/KILOGRAM,2021
193,32,JAWA BARAT,3217,KABUPATEN BANDUNG BARAT,1,JANUARI,18000,RUPIAH/KILOGRAM,2021
194,32,JAWA BARAT,3217,KABUPATEN BANDUNG BARAT,2,FEBRUARI,18000,RUPIAH/KILOGRAM,2021
195,32,JAWA BARAT,3217,KABUPATEN BANDUNG BARAT,3,MARET,18000,RUPIAH/KILOGRAM,2021
196,32,JAWA BARAT,3217,KABUPATEN BANDUNG BARAT,4,APRIL,18000,RUPIAH/KILOGRAM,2021
197,32,JAWA BARAT,3217,KABUPATEN BANDUNG BARAT,5,MEI,18000,RUPIAH/KILOGRAM,2021
198,32,JAWA BARAT,3217,KABUPATEN BANDUNG BARAT,6,JUNI,18000,RUPIAH/KILOGRAM,2021
199,32,JAWA BARAT,3217,KABUPATEN BANDUNG BARAT,7,JULI,16129,RUPIAH/KILOGRAM,2021
200,32,JAWA BARAT,3217,KABUPATEN BANDUNG BARAT,8,AGUSTUS,16000,RUPIAH/KILOGRAM,2021
201,32,JAWA BARAT,3217,KABUPATEN BANDUNG BARAT,9,SEPTEMBER,17600,RUPIAH/KILOGRAM,2021
202,32,JAWA BARAT,3217,KABUPATEN BANDUNG BARAT,10,OKTOBER,27194,RUPIAH/KILOGRAM,2021
203,32,JAWA BARAT,3217,KABUPATEN BANDUNG BARAT,11,NOVEMBER,26000,RUPIAH/KILOGRAM,2021
204,32,JAWA BARAT,3217,KABUPATEN BANDUNG BARAT,12,DESEMBER,20161,RUPIAH/KILOGRAM,2021
205,32,JAWA BARAT,3218,KABUPATEN PANGANDARAN,1,JANUARI,18500,RUPIAH/KILOGRAM,2021
206,32,JAWA BARAT,3218,KABUPATEN PANGANDARAN,2,FEBRUARI,18500,RUPIAH/KILOGRAM,2021
207,32,JAWA BARAT,3218,KABUPATEN PANGANDARAN,3,MARET,18500,RUPIAH/KILOGRAM,2021
208,32,JAWA BARAT,3218,KABUPATEN PANGANDARAN,4,APRIL,18500,RUPIAH/KILOGRAM,2021
209,32,JAWA BARAT,3218,KABUPATEN PANGANDARAN,5,MEI,17500,RUPIAH/KILOGRAM,2021
210,32,JAWA BARAT,3218,KABUPATEN PANGANDARAN,6,JUNI,17500,RUPIAH/KILOGRAM,2021
211,32,JAWA BARAT,3218,KABUPATEN PANGANDARAN,7,JULI,17500,RUPIAH/KILOGRAM,2021
212,32,JAWA BARAT,3218,KABUPATEN PANGANDARAN,8,AGUSTUS,17500,RUPIAH/KILOGRAM,2021
213,32,JAWA BARAT,3218,KABUPATEN PANGANDARAN,9,SEPTEMBER,19000,RUPIAH/KILOGRAM,2021
214,32,JAWA BARAT,3218,KABUPATEN PANGANDARAN,10,OKTOBER,19000,RUPIAH/KILOGRAM,2021
215,32,JAWA BARAT,3218,KABUPATEN PANGANDARAN,11,NOVEMBER,19000,RUPIAH/KILOGRAM,2021
216,32,JAWA BARAT,3218,KABUPATEN PANGANDARAN,12,DESEMBER,17000,RUPIAH/KILOGRAM,2021
217,32,JAWA BARAT,3271,KOTA BOGOR,1,JANUARI,0,RUPIAH/KILOGRAM,2021
218,32,JAWA BARAT,3271,KOTA BOGOR,2,FEBRUARI,0,RUPIAH/KILOGRAM,2021
219,32,JAWA BARAT,3271,KOTA BOGOR,3,MARET,0,RUPIAH/KILOGRAM,2021
220,32,JAWA BARAT,3271,KOTA BOGOR,4,APRIL,0,RUPIAH/KILOGRAM,2021
221,32,JAWA BARAT,3271,KOTA BOGOR,5,MEI,0,RUPIAH/KILOGRAM,2021
222,32,JAWA BARAT,3271,KOTA BOGOR,6,JUNI,0,RUPIAH/KILOGRAM,2021
223,32,JAWA BARAT,3271,KOTA BOGOR,7,JULI,0,RUPIAH/KILOGRAM,2021
224,32,JAWA BARAT,3271,KOTA BOGOR,8,AGUSTUS,0,RUPIAH/KILOGRAM,2021
225,32,JAWA BARAT,3271,KOTA BOGOR,9,SEPTEMBER,0,RUPIAH/KILOGRAM,2021
226,32,JAWA BARAT,3271,KOTA BOGOR,10,OKTOBER,0,RUPIAH/KILOGRAM,2021
227,32,JAWA BARAT,3271,KOTA BOGOR,11,NOVEMBER,0,RUPIAH/KILOGRAM,2021
228,32,JAWA BARAT,3271,KOTA BOGOR,12,DESEMBER,0,RUPIAH/KILOGRAM,2021
229,32,JAWA BARAT,3272,KOTA SUKABUMI,1,JANUARI,0,RUPIAH/KILOGRAM,2021
230,32,JAWA BARAT,3272,KOTA SUKABUMI,2,FEBRUARI,0,RUPIAH/KILOGRAM,2021
231,32,JAWA BARAT,3272,KOTA SUKABUMI,3,MARET,0,RUPIAH/KILOGRAM,2021
232,32,JAWA BARAT,3272,KOTA SUKABUMI,4,APRIL,0,RUPIAH/KILOGRAM,2021
233,32,JAWA BARAT,3272,KOTA SUKABUMI,5,MEI,0,RUPIAH/KILOGRAM,2021
234,32,JAWA BARAT,3272,KOTA SUKABUMI,6,JUNI,0,RUPIAH/KILOGRAM,2021
235,32,JAWA BARAT,3272,KOTA SUKABUMI,7,JULI,0,RUPIAH/KILOGRAM,2021
236,32,JAWA BARAT,3272,KOTA SUKABUMI,8,AGUSTUS,0,RUPIAH/KILOGRAM,2021
237,32,JAWA BARAT,3272,KOTA SUKABUMI,9,SEPTEMBER,0,RUPIAH/KILOGRAM,2021
238,32,JAWA BARAT,3272,KOTA SUKABUMI,10,OKTOBER,0,RUPIAH/KILOGRAM,2021
239,32,JAWA BARAT,3272,KOTA SUKABUMI,11,NOVEMBER,0,RUPIAH/KILOGRAM,2021
240,32,JAWA BARAT,3272,KOTA SUKABUMI,12,DESEMBER,0,RUPIAH/KILOGRAM,2021
241,32,JAWA BARAT,3273,KOTA BANDUNG,1,JANUARI,0,RUPIAH/KILOGRAM,2021
242,32,JAWA BARAT,3273,KOTA BANDUNG,2,FEBRUARI,0,RUPIAH/KILOGRAM,2021
243,32,JAWA BARAT,3273,KOTA BANDUNG,3,MARET,0,RUPIAH/KILOGRAM,2021
244,32,JAWA BARAT,3273,KOTA BANDUNG,4,APRIL,0,RUPIAH/KILOGRAM,2021
245,32,JAWA BARAT,3273,KOTA BANDUNG,5,MEI,0,RUPIAH/KILOGRAM,2021
246,32,JAWA BARAT,3273,KOTA BANDUNG,6,JUNI,0,RUPIAH/KILOGRAM,2021
247,32,JAWA BARAT,3273,KOTA BANDUNG,7,JULI,0,RUPIAH/KILOGRAM,2021
248,32,JAWA BARAT,3273,KOTA BANDUNG,8,AGUSTUS,0,RUPIAH/KILOGRAM,2021
249,32,JAWA BARAT,3273,KOTA BANDUNG,9,SEPTEMBER,0,RUPIAH/KILOGRAM,2021
250,32,JAWA BARAT,3273,KOTA BANDUNG,10,OKTOBER,0,RUPIAH/KILOGRAM,2021
251,32,JAWA BARAT,3273,KOTA BANDUNG,11,NOVEMBER,0,RUPIAH/KILOGRAM,2021
252,32,JAWA BARAT,3273,KOTA BANDUNG,12,DESEMBER,0,RUPIAH/KILOGRAM,2021
253,32,JAWA BARAT,3274,KOTA CIREBON,1,JANUARI,0,RUPIAH/KILOGRAM,2021
254,32,JAWA BARAT,3274,KOTA CIREBON,2,FEBRUARI,0,RUPIAH/KILOGRAM,2021
255,32,JAWA BARAT,3274,KOTA CIREBON,3,MARET,0,RUPIAH/KILOGRAM,2021
256,32,JAWA BARAT,3274,KOTA CIREBON,4,APRIL,0,RUPIAH/KILOGRAM,2021
257,32,JAWA BARAT,3274,KOTA CIREBON,5,MEI,0,RUPIAH/KILOGRAM,2021
258,32,JAWA BARAT,3274,KOTA CIREBON,6,JUNI,0,RUPIAH/KILOGRAM,2021
259,32,JAWA BARAT,3274,KOTA CIREBON,7,JULI,0,RUPIAH/KILOGRAM,2021
260,32,JAWA BARAT,3274,KOTA CIREBON,8,AGUSTUS,0,RUPIAH/KILOGRAM,2021
261,32,JAWA BARAT,3274,KOTA CIREBON,9,SEPTEMBER,0,RUPIAH/KILOGRAM,2021
262,32,JAWA BARAT,3274,KOTA CIREBON,10,OKTOBER,0,RUPIAH/KILOGRAM,2021
263,32,JAWA BARAT,3274,KOTA CIREBON,11,NOVEMBER,0,RUPIAH/KILOGRAM,2021
264,32,JAWA BARAT,3274,KOTA CIREBON,12,DESEMBER,0,RUPIAH/KILOGRAM,2021
265,32,JAWA BARAT,3275,KOTA BEKASI,1,JANUARI,0,RUPIAH/KILOGRAM,2021
266,32,JAWA BARAT,3275,KOTA BEKASI,2,FEBRUARI,0,RUPIAH/KILOGRAM,2021
267,32,JAWA BARAT,3275,KOTA BEKASI,3,MARET,0,RUPIAH/KILOGRAM,2021
268,32,JAWA BARAT,3275,KOTA BEKASI,4,APRIL,0,RUPIAH/KILOGRAM,2021
269,32,JAWA BARAT,3275,KOTA BEKASI,5,MEI,0,RUPIAH/KILOGRAM,2021
270,32,JAWA BARAT,3275,KOTA BEKASI,6,JUNI,0,RUPIAH/KILOGRAM,2021
271,32,JAWA BARAT,3275,KOTA BEKASI,7,JULI,0,RUPIAH/KILOGRAM,2021
272,32,JAWA BARAT,3275,KOTA BEKASI,8,AGUSTUS,0,RUPIAH/KILOGRAM,2021
273,32,JAWA BARAT,3275,KOTA BEKASI,9,SEPTEMBER,0,RUPIAH/KILOGRAM,2021
274,32,JAWA BARAT,3275,KOTA BEKASI,10,OKTOBER,0,RUPIAH/KILOGRAM,2021
275,32,JAWA BARAT,3275,KOTA BEKASI,11,NOVEMBER,0,RUPIAH/KILOGRAM,2021
276,32,JAWA BARAT,3275,KOTA BEKASI,12,DESEMBER,0,RUPIAH/KILOGRAM,2021
277,32,JAWA BARAT,3276,KOTA DEPOK,1,JANUARI,0,RUPIAH/KILOGRAM,2021
278,32,JAWA BARAT,3276,KOTA DEPOK,2,FEBRUARI,0,RUPIAH/KILOGRAM,2021
279,32,JAWA BARAT,3276,KOTA DEPOK,3,MARET,0,RUPIAH/KILOGRAM,2021
280,32,JAWA BARAT,3276,KOTA DEPOK,4,APRIL,0,RUPIAH/KILOGRAM,2021
281,32,JAWA BARAT,3276,KOTA DEPOK,5,MEI,0,RUPIAH/KILOGRAM,2021
282,32,JAWA BARAT,3276,KOTA DEPOK,6,JUNI,0,RUPIAH/KILOGRAM,2021
283,32,JAWA BARAT,3276,KOTA DEPOK,7,JULI,0,RUPIAH/KILOGRAM,2021
284,32,JAWA BARAT,3276,KOTA DEPOK,8,AGUSTUS,0,RUPIAH/KILOGRAM,2021
285,32,JAWA BARAT,3276,KOTA DEPOK,9,SEPTEMBER,0,RUPIAH/KILOGRAM,2021
286,32,JAWA BARAT,3276,KOTA DEPOK,10,OKTOBER,0,RUPIAH/KILOGRAM,2021
287,32,JAWA BARAT,3276,KOTA DEPOK,11,NOVEMBER,0,RUPIAH/KILOGRAM,2021
288,32,JAWA BARAT,3276,KOTA DEPOK,12,DESEMBER,0,RUPIAH/KILOGRAM,2021
289,32,JAWA BARAT,3277,KOTA CIMAHI,1,JANUARI,0,RUPIAH/KILOGRAM,2021
290,32,JAWA BARAT,3277,KOTA CIMAHI,2,FEBRUARI,0,RUPIAH/KILOGRAM,2021
291,32,JAWA BARAT,3277,KOTA CIMAHI,3,MARET,0,RUPIAH/KILOGRAM,2021
292,32,JAWA BARAT,3277,KOTA CIMAHI,4,APRIL,0,RUPIAH/KILOGRAM,2021
293,32,JAWA BARAT,3277,KOTA CIMAHI,5,MEI,0,RUPIAH/KILOGRAM,2021
294,32,JAWA BARAT,3277,KOTA CIMAHI,6,JUNI,0,RUPIAH/KILOGRAM,2021
295,32,JAWA BARAT,3277,KOTA CIMAHI,7,JULI,0,RUPIAH/KILOGRAM,2021
296,32,JAWA BARAT,3277,KOTA CIMAHI,8,AGUSTUS,0,RUPIAH/KILOGRAM,2021
297,32,JAWA BARAT,3277,KOTA CIMAHI,9,SEPTEMBER,0,RUPIAH/KILOGRAM,2021
298,32,JAWA BARAT,3277,KOTA CIMAHI,10,OKTOBER,0,RUPIAH/KILOGRAM,2021
299,32,JAWA BARAT,3277,KOTA CIMAHI,11,NOVEMBER,0,RUPIAH/KILOGRAM,2021
300,32,JAWA BARAT,3277,KOTA CIMAHI,12,DESEMBER,0,RUPIAH/KILOGRAM,2021
301,32,JAWA BARAT,3278,KOTA TASIKMALAYA,1,JANUARI,15000,RUPIAH/KILOGRAM,2021
302,32,JAWA BARAT,3278,KOTA TASIKMALAYA,2,FEBRUARI,13393,RUPIAH/KILOGRAM,2021
303,32,JAWA BARAT,3278,KOTA TASIKMALAYA,3,MARET,15000,RUPIAH/KILOGRAM,2021
304,32,JAWA BARAT,3278,KOTA TASIKMALAYA,4,APRIL,15000,RUPIAH/KILOGRAM,2021
305,32,JAWA BARAT,3278,KOTA TASIKMALAYA,5,MEI,15000,RUPIAH/KILOGRAM,2021
306,32,JAWA BARAT,3278,KOTA TASIKMALAYA,6,JUNI,15000,RUPIAH/KILOGRAM,2021
307,32,JAWA BARAT,3278,KOTA TASIKMALAYA,7,JULI,15323,RUPIAH/KILOGRAM,2021
308,32,JAWA BARAT,3278,KOTA TASIKMALAYA,8,AGUSTUS,15000,RUPIAH/KILOGRAM,2021
309,32,JAWA BARAT,3278,KOTA TASIKMALAYA,9,SEPTEMBER,15000,RUPIAH/KILOGRAM,2021
310,32,JAWA BARAT,3278,KOTA TASIKMALAYA,10,OKTOBER,15000,RUPIAH/KILOGRAM,2021
311,32,JAWA BARAT,3278,KOTA TASIKMALAYA,11,NOVEMBER,15300,RUPIAH/KILOGRAM,2021
312,32,JAWA BARAT,3278,KOTA TASIKMALAYA,12,DESEMBER,15677,RUPIAH/KILOGRAM,2021
313,32,JAWA BARAT,3279,KOTA BANJAR,1,JANUARI,19000,RUPIAH/KILOGRAM,2021
314,32,JAWA BARAT,3279,KOTA BANJAR,2,FEBRUARI,19000,RUPIAH/KILOGRAM,2021
315,32,JAWA BARAT,3279,KOTA BANJAR,3,MARET,19000,RUPIAH/KILOGRAM,2021
316,32,JAWA BARAT,3279,KOTA BANJAR,4,APRIL,19000,RUPIAH/KILOGRAM,2021
317,32,JAWA BARAT,3279,KOTA BANJAR,5,MEI,17774,RUPIAH/KILOGRAM,2021
318,32,JAWA BARAT,3279,KOTA BANJAR,6,JUNI,18333,RUPIAH/KILOGRAM,2021
319,32,JAWA BARAT,3279,KOTA BANJAR,7,JULI,17000,RUPIAH/KILOGRAM,2021
320,32,JAWA BARAT,3279,KOTA BANJAR,8,AGUSTUS,17000,RUPIAH/KILOGRAM,2021
321,32,JAWA BARAT,3279,KOTA BANJAR,9,SEPTEMBER,17000,RUPIAH/KILOGRAM,2021
322,32,JAWA BARAT,3279,KOTA BANJAR,10,OKTOBER,18097,RUPIAH/KILOGRAM,2021
323,32,JAWA BARAT,3279,KOTA BANJAR,11,NOVEMBER,17500,RUPIAH/KILOGRAM,2021
324,32,JAWA BARAT,3279,KOTA BANJAR,12,DESEMBER,20000,RUPIAH/KILOGRAM,2021
325,32,JAWA BARAT,3201,KABUPATEN BOGOR,1,JANUARI,19500,RUPIAH/KILOGRAM,2022
326,32,JAWA BARAT,3201,KABUPATEN BOGOR,2,FEBRUARI,23042,RUPIAH/KILOGRAM,2022
327,32,JAWA BARAT,3201,KABUPATEN BOGOR,3,MARET,"25532,25806",RUPIAH/KILOGRAM,2022
328,32,JAWA BARAT,3201,KABUPATEN BOGOR,4,APRIL,"24866,66667",RUPIAH/KILOGRAM,2022
329,32,JAWA BARAT,3201,KABUPATEN BOGOR,5,MEI,"23064,51613",RUPIAH/KILOGRAM,2022
330,32,JAWA BARAT,3201,KABUPATEN BOGOR,6,JUNI,24200,RUPIAH/KILOGRAM,2022
331,32,JAWA BARAT,3201,KABUPATEN BOGOR,7,JULI,"25264,51613",RUPIAH/KILOGRAM,2022
332,32,JAWA BARAT,3201,KABUPATEN BOGOR,8,AGUSTUS,"23354,83871",RUPIAH/KILOGRAM,2022
333,32,JAWA BARAT,3201,KABUPATEN BOGOR,9,SEPTEMBER,"24566,66667",RUPIAH/KILOGRAM,2022
334,32,JAWA BARAT,3201,KABUPATEN BOGOR,10,OKTOBER,"24790,32258",RUPIAH/KILOGRAM,2022
335,32,JAWA BARAT,3201,KABUPATEN BOGOR,11,NOVEMBER,"25516,66667",RUPIAH/KILOGRAM,2022
336,32,JAWA BARAT,3201,KABUPATEN BOGOR,12,DESEMBER,"24838,70968",RUPIAH/KILOGRAM,2022
337,32,JAWA BARAT,3202,KABUPATEN SUKABUMI,1,JANUARI,20000,RUPIAH/KILOGRAM,2022
338,32,JAWA BARAT,3202,KABUPATEN SUKABUMI,2,FEBRUARI,19536,RUPIAH/KILOGRAM,2022
339,32,JAWA BARAT,3202,KABUPATEN SUKABUMI,3,MARET,19000,RUPIAH/KILOGRAM,2022
340,32,JAWA BARAT,3202,KABUPATEN SUKABUMI,4,APRIL,"18366,66667",RUPIAH/KILOGRAM,2022
341,32,JAWA BARAT,3202,KABUPATEN SUKABUMI,5,MEI,0,RUPIAH/KILOGRAM,2022
342,32,JAWA BARAT,3202,KABUPATEN SUKABUMI,6,JUNI,0,RUPIAH/KILOGRAM,2022
343,32,JAWA BARAT,3202,KABUPATEN SUKABUMI,7,JULI,0,RUPIAH/KILOGRAM,2022
344,32,JAWA BARAT,3202,KABUPATEN SUKABUMI,8,AGUSTUS,0,RUPIAH/KILOGRAM,2022
345,32,JAWA BARAT,3202,KABUPATEN SUKABUMI,9,SEPTEMBER,0,RUPIAH/KILOGRAM,2022
346,32,JAWA BARAT,3202,KABUPATEN SUKABUMI,10,OKTOBER,0,RUPIAH/KILOGRAM,2022
347,32,JAWA BARAT,3202,KABUPATEN SUKABUMI,11,NOVEMBER,0,RUPIAH/KILOGRAM,2022
348,32,JAWA BARAT,3202,KABUPATEN SUKABUMI,12,DESEMBER,0,RUPIAH/KILOGRAM,2022
349,32,JAWA BARAT,3203,KABUPATEN CIANJUR,1,JANUARI,22000,RUPIAH/KILOGRAM,2022
350,32,JAWA BARAT,3203,KABUPATEN CIANJUR,2,FEBRUARI,20000,RUPIAH/KILOGRAM,2022
351,32,JAWA BARAT,3203,KABUPATEN CIANJUR,3,MARET,22000,RUPIAH/KILOGRAM,2022
352,32,JAWA BARAT,3203,KABUPATEN CIANJUR,4,APRIL,25000,RUPIAH/KILOGRAM,2022
353,32,JAWA BARAT,3203,KABUPATEN CIANJUR,5,MEI,25000,RUPIAH/KILOGRAM,2022
354,32,JAWA BARAT,3203,KABUPATEN CIANJUR,6,JUNI,25000,RUPIAH/KILOGRAM,2022
355,32,JAWA BARAT,3203,KABUPATEN CIANJUR,7,JULI,25000,RUPIAH/KILOGRAM,2022
356,32,JAWA BARAT,3203,KABUPATEN CIANJUR,8,AGUSTUS,25000,RUPIAH/KILOGRAM,2022
357,32,JAWA BARAT,3203,KABUPATEN CIANJUR,9,SEPTEMBER,25000,RUPIAH/KILOGRAM,2022
358,32,JAWA BARAT,3203,KABUPATEN CIANJUR,10,OKTOBER,25000,RUPIAH/KILOGRAM,2022
359,32,JAWA BARAT,3203,KABUPATEN CIANJUR,11,NOVEMBER,25000,RUPIAH/KILOGRAM,2022
360,32,JAWA BARAT,3203,KABUPATEN CIANJUR,12,DESEMBER,25000,RUPIAH/KILOGRAM,2022
361,32,JAWA BARAT,3204,KABUPATEN BANDUNG,1,JANUARI,0,RUPIAH/KILOGRAM,2022
362,32,JAWA BARAT,3204,KABUPATEN BANDUNG,2,FEBRUARI,0,RUPIAH/KILOGRAM,2022
363,32,JAWA BARAT,3204,KABUPATEN BANDUNG,3,MARET,0,RUPIAH/KILOGRAM,2022
364,32,JAWA BARAT,3204,KABUPATEN BANDUNG,4,APRIL,0,RUPIAH/KILOGRAM,2022
365,32,JAWA BARAT,3204,KABUPATEN BANDUNG,5,MEI,0,RUPIAH/KILOGRAM,2022
366,32,JAWA BARAT,3204,KABUPATEN BANDUNG,6,JUNI,0,RUPIAH/KILOGRAM,2022
367,32,JAWA BARAT,3204,KABUPATEN BANDUNG,7,JULI,0,RUPIAH/KILOGRAM,2022
368,32,JAWA BARAT,3204,KABUPATEN BANDUNG,8,AGUSTUS,0,RUPIAH/KILOGRAM,2022
369,32,JAWA BARAT,3204,KABUPATEN BANDUNG,9,SEPTEMBER,0,RUPIAH/KILOGRAM,2022
370,32,JAWA BARAT,3204,KABUPATEN BANDUNG,10,OKTOBER,0,RUPIAH/KILOGRAM,2022
371,32,JAWA BARAT,3204,KABUPATEN BANDUNG,11,NOVEMBER,0,RUPIAH/KILOGRAM,2022
372,32,JAWA BARAT,3204,KABUPATEN BANDUNG,12,DESEMBER,0,RUPIAH/KILOGRAM,2022
373,32,JAWA BARAT,3205,KABUPATEN GARUT,1,JANUARI,0,RUPIAH/KILOGRAM,2022
374,32,JAWA BARAT,3205,KABUPATEN GARUT,2,FEBRUARI,0,RUPIAH/KILOGRAM,2022
375,32,JAWA BARAT,3205,KABUPATEN GARUT,3,MARET,0,RUPIAH/KILOGRAM,2022
376,32,JAWA BARAT,3205,KABUPATEN GARUT,4,APRIL,0,RUPIAH/KILOGRAM,2022
377,32,JAWA BARAT,3205,KABUPATEN GARUT,5,MEI,0,RUPIAH/KILOGRAM,2022
378,32,JAWA BARAT,3205,KABUPATEN GARUT,6,JUNI,0,RUPIAH/KILOGRAM,2022
379,32,JAWA BARAT,3205,KABUPATEN GARUT,7,JULI,0,RUPIAH/KILOGRAM,2022
380,32,JAWA BARAT,3205,KABUPATEN GARUT,8,AGUSTUS,0,RUPIAH/KILOGRAM,2022
381,32,JAWA BARAT,3205,KABUPATEN GARUT,9,SEPTEMBER,0,RUPIAH/KILOGRAM,2022
382,32,JAWA BARAT,3205,KABUPATEN GARUT,10,OKTOBER,0,RUPIAH/KILOGRAM,2022
383,32,JAWA BARAT,3205,KABUPATEN GARUT,11,NOVEMBER,0,RUPIAH/KILOGRAM,2022
384,32,JAWA BARAT,3205,KABUPATEN GARUT,12,DESEMBER,0,RUPIAH/KILOGRAM,2022
385,32,JAWA BARAT,3206,KABUPATEN TASIKMALAYA,1,JANUARI,21000,RUPIAH/KILOGRAM,2022
386,32,JAWA BARAT,3206,KABUPATEN TASIKMALAYA,2,FEBRUARI,0,RUPIAH/KILOGRAM,2022
387,32,JAWA BARAT,3206,KABUPATEN TASIKMALAYA,3,MARET,21000,RUPIAH/KILOGRAM,2022
388,32,JAWA BARAT,3206,KABUPATEN TASIKMALAYA,4,APRIL,21000,RUPIAH/KILOGRAM,2022
389,32,JAWA BARAT,3206,KABUPATEN TASIKMALAYA,5,MEI,"22096,77419",RUPIAH/KILOGRAM,2022
390,32,JAWA BARAT,3206,KABUPATEN TASIKMALAYA,6,JUNI,23000,RUPIAH/KILOGRAM,2022
391,32,JAWA BARAT,3206,KABUPATEN TASIKMALAYA,7,JULI,23000,RUPIAH/KILOGRAM,2022
392,32,JAWA BARAT,3206,KABUPATEN TASIKMALAYA,8,AGUSTUS,23000,RUPIAH/KILOGRAM,2022
393,32,JAWA BARAT,3206,KABUPATEN TASIKMALAYA,9,SEPTEMBER,23000,RUPIAH/KILOGRAM,2022
394,32,JAWA BARAT,3206,KABUPATEN TASIKMALAYA,10,OKTOBER,0,RUPIAH/KILOGRAM,2022
395,32,JAWA BARAT,3206,KABUPATEN TASIKMALAYA,11,NOVEMBER,0,RUPIAH/KILOGRAM,2022
396,32,JAWA BARAT,3206,KABUPATEN TASIKMALAYA,12,DESEMBER,0,RUPIAH/KILOGRAM,2022
397,32,JAWA BARAT,3207,KABUPATEN CIAMIS,1,JANUARI,17500,RUPIAH/KILOGRAM,2022
398,32,JAWA BARAT,3207,KABUPATEN CIAMIS,2,FEBRUARI,18143,RUPIAH/KILOGRAM,2022
399,32,JAWA BARAT,3207,KABUPATEN CIAMIS,3,MARET,19000,RUPIAH/KILOGRAM,2022
400,32,JAWA BARAT,3207,KABUPATEN CIAMIS,4,APRIL,20000,RUPIAH/KILOGRAM,2022
401,32,JAWA BARAT,3207,KABUPATEN CIAMIS,5,MEI,0,RUPIAH/KILOGRAM,2022
402,32,JAWA BARAT,3207,KABUPATEN CIAMIS,6,JUNI,0,RUPIAH/KILOGRAM,2022
403,32,JAWA BARAT,3207,KABUPATEN CIAMIS,7,JULI,19500,RUPIAH/KILOGRAM,2022
404,32,JAWA BARAT,3207,KABUPATEN CIAMIS,8,AGUSTUS,20000,RUPIAH/KILOGRAM,2022
405,32,JAWA BARAT,3207,KABUPATEN CIAMIS,9,SEPTEMBER,20000,RUPIAH/KILOGRAM,2022
406,32,JAWA BARAT,3207,KABUPATEN CIAMIS,10,OKTOBER,0,RUPIAH/KILOGRAM,2022
407,32,JAWA BARAT,3207,KABUPATEN CIAMIS,11,NOVEMBER,0,RUPIAH/KILOGRAM,2022
408,32,JAWA BARAT,3207,KABUPATEN CIAMIS,12,DESEMBER,20000,RUPIAH/KILOGRAM,2022
409,32,JAWA BARAT,3208,KABUPATEN KUNINGAN,1,JANUARI,23274,RUPIAH/KILOGRAM,2022
410,32,JAWA BARAT,3208,KABUPATEN KUNINGAN,2,FEBRUARI,23500,RUPIAH/KILOGRAM,2022
411,32,JAWA BARAT,3208,KABUPATEN KUNINGAN,3,MARET,22000,RUPIAH/KILOGRAM,2022
412,32,JAWA BARAT,3208,KABUPATEN KUNINGAN,4,APRIL,22000,RUPIAH/KILOGRAM,2022
413,32,JAWA BARAT,3208,KABUPATEN KUNINGAN,5,MEI,20000,RUPIAH/KILOGRAM,2022
414,32,JAWA BARAT,3208,KABUPATEN KUNINGAN,6,JUNI,19500,RUPIAH/KILOGRAM,2022
415,32,JAWA BARAT,3208,KABUPATEN KUNINGAN,7,JULI,"19887,09677",RUPIAH/KILOGRAM,2022
416,32,JAWA BARAT,3208,KABUPATEN KUNINGAN,8,AGUSTUS,0,RUPIAH/KILOGRAM,2022
417,32,JAWA BARAT,3208,KABUPATEN KUNINGAN,9,SEPTEMBER,25750,RUPIAH/KILOGRAM,2022
418,32,JAWA BARAT,3208,KABUPATEN KUNINGAN,10,OKTOBER,27000,RUPIAH/KILOGRAM,2022
419,32,JAWA BARAT,3208,KABUPATEN KUNINGAN,11,NOVEMBER,27000,RUPIAH/KILOGRAM,2022
420,32,JAWA BARAT,3208,KABUPATEN KUNINGAN,12,DESEMBER,26500,RUPIAH/KILOGRAM,2022
421,32,JAWA BARAT,3209,KABUPATEN CIREBON,1,JANUARI,0,RUPIAH/KILOGRAM,2022
422,32,JAWA BARAT,3209,KABUPATEN CIREBON,2,FEBRUARI,0,RUPIAH/KILOGRAM,2022
423,32,JAWA BARAT,3209,KABUPATEN CIREBON,3,MARET,0,RUPIAH/KILOGRAM,2022
424,32,JAWA BARAT,3209,KABUPATEN CIREBON,4,APRIL,0,RUPIAH/KILOGRAM,2022
425,32,JAWA BARAT,3209,KABUPATEN CIREBON,5,MEI,0,RUPIAH/KILOGRAM,2022
426,32,JAWA BARAT,3209,KABUPATEN CIREBON,6,JUNI,0,RUPIAH/KILOGRAM,2022
427,32,JAWA BARAT,3209,KABUPATEN CIREBON,7,JULI,0,RUPIAH/KILOGRAM,2022
428,32,JAWA BARAT,3209,KABUPATEN CIREBON,8,AGUSTUS,0,RUPIAH/KILOGRAM,2022
429,32,JAWA BARAT,3209,KABUPATEN CIREBON,9,SEPTEMBER,0,RUPIAH/KILOGRAM,2022
430,32,JAWA BARAT,3209,KABUPATEN CIREBON,10,OKTOBER,0,RUPIAH/KILOGRAM,2022
431,32,JAWA BARAT,3209,KABUPATEN CIREBON,11,NOVEMBER,0,RUPIAH/KILOGRAM,2022
432,32,JAWA BARAT,3209,KABUPATEN CIREBON,12,DESEMBER,0,RUPIAH/KILOGRAM,2022
433,32,JAWA BARAT,3210,KABUPATEN MAJALENGKA,1,JANUARI,30000,RUPIAH/KILOGRAM,2022
434,32,JAWA BARAT,3210,KABUPATEN MAJALENGKA,2,FEBRUARI,30000,RUPIAH/KILOGRAM,2022
435,32,JAWA BARAT,3210,KABUPATEN MAJALENGKA,3,MARET,30000,RUPIAH/KILOGRAM,2022
436,32,JAWA BARAT,3210,KABUPATEN MAJALENGKA,4,APRIL,0,RUPIAH/KILOGRAM,2022
437,32,JAWA BARAT,3210,KABUPATEN MAJALENGKA,5,MEI,0,RUPIAH/KILOGRAM,2022
438,32,JAWA BARAT,3210,KABUPATEN MAJALENGKA,6,JUNI,35000,RUPIAH/KILOGRAM,2022
439,32,JAWA BARAT,3210,KABUPATEN MAJALENGKA,7,JULI,35000,RUPIAH/KILOGRAM,2022
440,32,JAWA BARAT,3210,KABUPATEN MAJALENGKA,8,AGUSTUS,0,RUPIAH/KILOGRAM,2022
441,32,JAWA BARAT,3210,KABUPATEN MAJALENGKA,9,SEPTEMBER,0,RUPIAH/KILOGRAM,2022
442,32,JAWA BARAT,3210,KABUPATEN MAJALENGKA,10,OKTOBER,0,RUPIAH/KILOGRAM,2022
443,32,JAWA BARAT,3210,KABUPATEN MAJALENGKA,11,NOVEMBER,0,RUPIAH/KILOGRAM,2022
444,32,JAWA BARAT,3210,KABUPATEN MAJALENGKA,12,DESEMBER,0,RUPIAH/KILOGRAM,2022
445,32,JAWA BARAT,3211,KABUPATEN SUMEDANG,1,JANUARI,0,RUPIAH/KILOGRAM,2022
446,32,JAWA BARAT,3211,KABUPATEN SUMEDANG,2,FEBRUARI,0,RUPIAH/KILOGRAM,2022
447,32,JAWA BARAT,3211,KABUPATEN SUMEDANG,3,MARET,0,RUPIAH/KILOGRAM,2022
448,32,JAWA BARAT,3211,KABUPATEN SUMEDANG,4,APRIL,0,RUPIAH/KILOGRAM,2022
449,32,JAWA BARAT,3211,KABUPATEN SUMEDANG,5,MEI,0,RUPIAH/KILOGRAM,2022
450,32,JAWA BARAT,3211,KABUPATEN SUMEDANG,6,JUNI,0,RUPIAH/KILOGRAM,2022
451,32,JAWA BARAT,3211,KABUPATEN SUMEDANG,7,JULI,0,RUPIAH/KILOGRAM,2022
452,32,JAWA BARAT,3211,KABUPATEN SUMEDANG,8,AGUSTUS,0,RUPIAH/KILOGRAM,2022
453,32,JAWA BARAT,3211,KABUPATEN SUMEDANG,9,SEPTEMBER,0,RUPIAH/KILOGRAM,2022
454,32,JAWA BARAT,3211,KABUPATEN SUMEDANG,10,OKTOBER,0,RUPIAH/KILOGRAM,2022
455,32,JAWA BARAT,3211,KABUPATEN SUMEDANG,11,NOVEMBER,0,RUPIAH/KILOGRAM,2022
456,32,JAWA BARAT,3211,KABUPATEN SUMEDANG,12,DESEMBER,0,RUPIAH/KILOGRAM,2022
457,32,JAWA BARAT,3212,KABUPATEN INDRAMAYU,1,JANUARI,0,RUPIAH/KILOGRAM,2022
458,32,JAWA BARAT,3212,KABUPATEN INDRAMAYU,2,FEBRUARI,0,RUPIAH/KILOGRAM,2022
459,32,JAWA BARAT,3212,KABUPATEN INDRAMAYU,3,MARET,0,RUPIAH/KILOGRAM,2022
460,32,JAWA BARAT,3212,KABUPATEN INDRAMAYU,4,APRIL,0,RUPIAH/KILOGRAM,2022
461,32,JAWA BARAT,3212,KABUPATEN INDRAMAYU,5,MEI,0,RUPIAH/KILOGRAM,2022
462,32,JAWA BARAT,3212,KABUPATEN INDRAMAYU,6,JUNI,0,RUPIAH/KILOGRAM,2022
463,32,JAWA BARAT,3212,KABUPATEN INDRAMAYU,7,JULI,0,RUPIAH/KILOGRAM,2022
464,32,JAWA BARAT,3212,KABUPATEN INDRAMAYU,8,AGUSTUS,0,RUPIAH/KILOGRAM,2022
465,32,JAWA BARAT,3212,KABUPATEN INDRAMAYU,9,SEPTEMBER,0,RUPIAH/KILOGRAM,2022
466,32,JAWA BARAT,3212,KABUPATEN INDRAMAYU,10,OKTOBER,0,RUPIAH/KILOGRAM,2022
467,32,JAWA BARAT,3212,KABUPATEN INDRAMAYU,11,NOVEMBER,0,RUPIAH/KILOGRAM,2022
468,32,JAWA BARAT,3212,KABUPATEN INDRAMAYU,12,DESEMBER,0,RUPIAH/KILOGRAM,2022
469,32,JAWA BARAT,3213,KABUPATEN SUBANG,1,JANUARI,0,RUPIAH/KILOGRAM,2022
470,32,JAWA BARAT,3213,KABUPATEN SUBANG,2,FEBRUARI,0,RUPIAH/KILOGRAM,2022
471,32,JAWA BARAT,3213,KABUPATEN SUBANG,3,MARET,20000,RUPIAH/KILOGRAM,2022
472,32,JAWA BARAT,3213,KABUPATEN SUBANG,4,APRIL,23000,RUPIAH/KILOGRAM,2022
473,32,JAWA BARAT,3213,KABUPATEN SUBANG,5,MEI,45000,RUPIAH/KILOGRAM,2022
474,32,JAWA BARAT,3213,KABUPATEN SUBANG,6,JUNI,35000,RUPIAH/KILOGRAM,2022
475,32,JAWA BARAT,3213,KABUPATEN SUBANG,7,JULI,35000,RUPIAH/KILOGRAM,2022
476,32,JAWA BARAT,3213,KABUPATEN SUBANG,8,AGUSTUS,35000,RUPIAH/KILOGRAM,2022
477,32,JAWA BARAT,3213,KABUPATEN SUBANG,9,SEPTEMBER,35000,RUPIAH/KILOGRAM,2022
478,32,JAWA BARAT,3213,KABUPATEN SUBANG,10,OKTOBER,0,RUPIAH/KILOGRAM,2022
479,32,JAWA BARAT,3213,KABUPATEN SUBANG,11,NOVEMBER,0,RUPIAH/KILOGRAM,2022
480,32,JAWA BARAT,3213,KABUPATEN SUBANG,12,DESEMBER,0,RUPIAH/KILOGRAM,2022
481,32,JAWA BARAT,3214,KABUPATEN PURWAKARTA,1,JANUARI,18000,RUPIAH/KILOGRAM,2022
482,32,JAWA BARAT,3214,KABUPATEN PURWAKARTA,2,FEBRUARI,18000,RUPIAH/KILOGRAM,2022
483,32,JAWA BARAT,3214,KABUPATEN PURWAKARTA,3,MARET,20000,RUPIAH/KILOGRAM,2022
484,32,JAWA BARAT,3214,KABUPATEN PURWAKARTA,4,APRIL,20000,RUPIAH/KILOGRAM,2022
485,32,JAWA BARAT,3214,KABUPATEN PURWAKARTA,5,MEI,0,RUPIAH/KILOGRAM,2022
486,32,JAWA BARAT,3214,KABUPATEN PURWAKARTA,6,JUNI,18000,RUPIAH/KILOGRAM,2022
487,32,JAWA BARAT,3214,KABUPATEN PURWAKARTA,7,JULI,"23225,80645",RUPIAH/KILOGRAM,2022
488,32,JAWA BARAT,3214,KABUPATEN PURWAKARTA,8,AGUSTUS,18000,RUPIAH/KILOGRAM,2022
489,32,JAWA BARAT,3214,KABUPATEN PURWAKARTA,9,SEPTEMBER,0,RUPIAH/KILOGRAM,2022
490,32,JAWA BARAT,3214,KABUPATEN PURWAKARTA,10,OKTOBER,0,RUPIAH/KILOGRAM,2022
491,32,JAWA BARAT,3214,KABUPATEN PURWAKARTA,11,NOVEMBER,0,RUPIAH/KILOGRAM,2022
492,32,JAWA BARAT,3214,KABUPATEN PURWAKARTA,12,DESEMBER,0,RUPIAH/KILOGRAM,2022
493,32,JAWA BARAT,3215,KABUPATEN KARAWANG,1,JANUARI,21371,RUPIAH/KILOGRAM,2022
494,32,JAWA BARAT,3215,KABUPATEN KARAWANG,2,FEBRUARI,22000,RUPIAH/KILOGRAM,2022
495,32,JAWA BARAT,3215,KABUPATEN KARAWANG,3,MARET,22000,RUPIAH/KILOGRAM,2022
496,32,JAWA BARAT,3215,KABUPATEN KARAWANG,4,APRIL,22000,RUPIAH/KILOGRAM,2022
497,32,JAWA BARAT,3215,KABUPATEN KARAWANG,5,MEI,22000,RUPIAH/KILOGRAM,2022
498,32,JAWA BARAT,3215,KABUPATEN KARAWANG,6,JUNI,22000,RUPIAH/KILOGRAM,2022
499,32,JAWA BARAT,3215,KABUPATEN KARAWANG,7,JULI,22000,RUPIAH/KILOGRAM,2022
500,32,JAWA BARAT,3215,KABUPATEN KARAWANG,8,AGUSTUS,0,RUPIAH/KILOGRAM,2022
501,32,JAWA BARAT,3215,KABUPATEN KARAWANG,9,SEPTEMBER,22000,RUPIAH/KILOGRAM,2022
502,32,JAWA BARAT,3215,KABUPATEN KARAWANG,10,OKTOBER,22000,RUPIAH/KILOGRAM,2022
503,32,JAWA BARAT,3215,KABUPATEN KARAWANG,11,NOVEMBER,22000,RUPIAH/KILOGRAM,2022
504,32,JAWA BARAT,3215,KABUPATEN KARAWANG,12,DESEMBER,22000,RUPIAH/KILOGRAM,2022
505,32,JAWA BARAT,3216,KABUPATEN BEKASI,1,JANUARI,0,RUPIAH/KILOGRAM,2022
506,32,JAWA BARAT,3216,KABUPATEN BEKASI,2,FEBRUARI,0,RUPIAH/KILOGRAM,2022
507,32,JAWA BARAT,3216,KABUPATEN BEKASI,3,MARET,0,RUPIAH/KILOGRAM,2022
508,32,JAWA BARAT,3216,KABUPATEN BEKASI,4,APRIL,0,RUPIAH/KILOGRAM,2022
509,32,JAWA BARAT,3216,KABUPATEN BEKASI,5,MEI,0,RUPIAH/KILOGRAM,2022
510,32,JAWA BARAT,3216,KABUPATEN BEKASI,6,JUNI,0,RUPIAH/KILOGRAM,2022
511,32,JAWA BARAT,3216,KABUPATEN BEKASI,7,JULI,0,RUPIAH/KILOGRAM,2022
512,32,JAWA BARAT,3216,KABUPATEN BEKASI,8,AGUSTUS,0,RUPIAH/KILOGRAM,2022
513,32,JAWA BARAT,3216,KABUPATEN BEKASI,9,SEPTEMBER,0,RUPIAH/KILOGRAM,2022
514,32,JAWA BARAT,3216,KABUPATEN BEKASI,10,OKTOBER,0,RUPIAH/KILOGRAM,2022
515,32,JAWA BARAT,3216,KABUPATEN BEKASI,11,NOVEMBER,0,RUPIAH/KILOGRAM,2022
516,32,JAWA BARAT,3216,KABUPATEN BEKASI,12,DESEMBER,0,RUPIAH/KILOGRAM,2022
517,32,JAWA BARAT,3217,KABUPATEN BANDUNG BARAT,1,JANUARI,20000,RUPIAH/KILOGRAM,2022
518,32,JAWA BARAT,3217,KABUPATEN BANDUNG BARAT,2,FEBRUARI,0,RUPIAH/KILOGRAM,2022
519,32,JAWA BARAT,3217,KABUPATEN BANDUNG BARAT,3,MARET,"22129,03226",RUPIAH/KILOGRAM,2022
520,32,JAWA BARAT,3217,KABUPATEN BANDUNG BARAT,4,APRIL,"23533,33333",RUPIAH/KILOGRAM,2022
521,32,JAWA BARAT,3217,KABUPATEN BANDUNG BARAT,5,MEI,"26774,19355",RUPIAH/KILOGRAM,2022
522,32,JAWA BARAT,3217,KABUPATEN BANDUNG BARAT,6,JUNI,30000,RUPIAH/KILOGRAM,2022
523,32,JAWA BARAT,3217,KABUPATEN BANDUNG BARAT,7,JULI,"30387,09677",RUPIAH/KILOGRAM,2022
524,32,JAWA BARAT,3217,KABUPATEN BANDUNG BARAT,8,AGUSTUS,"29161,29032",RUPIAH/KILOGRAM,2022
525,32,JAWA BARAT,3217,KABUPATEN BANDUNG BARAT,9,SEPTEMBER,30000,RUPIAH/KILOGRAM,2022
526,32,JAWA BARAT,3217,KABUPATEN BANDUNG BARAT,10,OKTOBER,"28516,12903",RUPIAH/KILOGRAM,2022
527,32,JAWA BARAT,3217,KABUPATEN BANDUNG BARAT,11,NOVEMBER,"28533,33333",RUPIAH/KILOGRAM,2022
528,32,JAWA BARAT,3217,KABUPATEN BANDUNG BARAT,12,DESEMBER,0,RUPIAH/KILOGRAM,2022
529,32,JAWA BARAT,3218,KABUPATEN PANGANDARAN,1,JANUARI,19500,RUPIAH/KILOGRAM,2022
530,32,JAWA BARAT,3218,KABUPATEN PANGANDARAN,2,FEBRUARI,22000,RUPIAH/KILOGRAM,2022
531,32,JAWA BARAT,3218,KABUPATEN PANGANDARAN,3,MARET,21000,RUPIAH/KILOGRAM,2022
532,32,JAWA BARAT,3218,KABUPATEN PANGANDARAN,4,APRIL,21000,RUPIAH/KILOGRAM,2022
533,32,JAWA BARAT,3218,KABUPATEN PANGANDARAN,5,MEI,21500,RUPIAH/KILOGRAM,2022
534,32,JAWA BARAT,3218,KABUPATEN PANGANDARAN,6,JUNI,21500,RUPIAH/KILOGRAM,2022
535,32,JAWA BARAT,3218,KABUPATEN PANGANDARAN,7,JULI,21500,RUPIAH/KILOGRAM,2022
536,32,JAWA BARAT,3218,KABUPATEN PANGANDARAN,8,AGUSTUS,21500,RUPIAH/KILOGRAM,2022
537,32,JAWA BARAT,3218,KABUPATEN PANGANDARAN,9,SEPTEMBER,21500,RUPIAH/KILOGRAM,2022
538,32,JAWA BARAT,3218,KABUPATEN PANGANDARAN,10,OKTOBER,20500,RUPIAH/KILOGRAM,2022
539,32,JAWA BARAT,3218,KABUPATEN PANGANDARAN,11,NOVEMBER,20500,RUPIAH/KILOGRAM,2022
540,32,JAWA BARAT,3218,KABUPATEN PANGANDARAN,12,DESEMBER,22000,RUPIAH/KILOGRAM,2022
541,32,JAWA BARAT,3271,KOTA BOGOR,1,JANUARI,0,RUPIAH/KILOGRAM,2022
542,32,JAWA BARAT,3271,KOTA BOGOR,2,FEBRUARI,0,RUPIAH/KILOGRAM,2022
543,32,JAWA BARAT,3271,KOTA BOGOR,3,MARET,0,RUPIAH/KILOGRAM,2022
544,32,JAWA BARAT,3271,KOTA BOGOR,4,APRIL,0,RUPIAH/KILOGRAM,2022
545,32,JAWA BARAT,3271,KOTA BOGOR,5,MEI,0,RUPIAH/KILOGRAM,2022
546,32,JAWA BARAT,3271,KOTA BOGOR,6,JUNI,0,RUPIAH/KILOGRAM,2022
547,32,JAWA BARAT,3271,KOTA BOGOR,7,JULI,0,RUPIAH/KILOGRAM,2022
548,32,JAWA BARAT,3271,KOTA BOGOR,8,AGUSTUS,0,RUPIAH/KILOGRAM,2022
549,32,JAWA BARAT,3271,KOTA BOGOR,9,SEPTEMBER,0,RUPIAH/KILOGRAM,2022
550,32,JAWA BARAT,3271,KOTA BOGOR,10,OKTOBER,0,RUPIAH/KILOGRAM,2022
551,32,JAWA BARAT,3271,KOTA BOGOR,11,NOVEMBER,0,RUPIAH/KILOGRAM,2022
552,32,JAWA BARAT,3271,KOTA BOGOR,12,DESEMBER,0,RUPIAH/KILOGRAM,2022
553,32,JAWA BARAT,3272,KOTA SUKABUMI,1,JANUARI,0,RUPIAH/KILOGRAM,2022
554,32,JAWA BARAT,3272,KOTA SUKABUMI,2,FEBRUARI,0,RUPIAH/KILOGRAM,2022
555,32,JAWA BARAT,3272,KOTA SUKABUMI,3,MARET,0,RUPIAH/KILOGRAM,2022
556,32,JAWA BARAT,3272,KOTA SUKABUMI,4,APRIL,0,RUPIAH/KILOGRAM,2022
557,32,JAWA BARAT,3272,KOTA SUKABUMI,5,MEI,0,RUPIAH/KILOGRAM,2022
558,32,JAWA BARAT,3272,KOTA SUKABUMI,6,JUNI,0,RUPIAH/KILOGRAM,2022
559,32,JAWA BARAT,3272,KOTA SUKABUMI,7,JULI,0,RUPIAH/KILOGRAM,2022
560,32,JAWA BARAT,3272,KOTA SUKABUMI,8,AGUSTUS,0,RUPIAH/KILOGRAM,2022
561,32,JAWA BARAT,3272,KOTA SUKABUMI,9,SEPTEMBER,0,RUPIAH/KILOGRAM,2022
562,32,JAWA BARAT,3272,KOTA SUKABUMI,10,OKTOBER,0,RUPIAH/KILOGRAM,2022
563,32,JAWA BARAT,3272,KOTA SUKABUMI,11,NOVEMBER,0,RUPIAH/KILOGRAM,2022
564,32,JAWA BARAT,3272,KOTA SUKABUMI,12,DESEMBER,0,RUPIAH/KILOGRAM,2022
565,32,JAWA BARAT,3273,KOTA BANDUNG,1,JANUARI,0,RUPIAH/KILOGRAM,2022
566,32,JAWA BARAT,3273,KOTA BANDUNG,2,FEBRUARI,0,RUPIAH/KILOGRAM,2022
567,32,JAWA BARAT,3273,KOTA BANDUNG,3,MARET,0,RUPIAH/KILOGRAM,2022
568,32,JAWA BARAT,3273,KOTA BANDUNG,4,APRIL,0,RUPIAH/KILOGRAM,2022
569,32,JAWA BARAT,3273,KOTA BANDUNG,5,MEI,0,RUPIAH/KILOGRAM,2022
570,32,JAWA BARAT,3273,KOTA BANDUNG,6,JUNI,0,RUPIAH/KILOGRAM,2022
571,32,JAWA BARAT,3273,KOTA BANDUNG,7,JULI,0,RUPIAH/KILOGRAM,2022
572,32,JAWA BARAT,3273,KOTA BANDUNG,8,AGUSTUS,0,RUPIAH/KILOGRAM,2022
573,32,JAWA BARAT,3273,KOTA BANDUNG,9,SEPTEMBER,0,RUPIAH/KILOGRAM,2022
574,32,JAWA BARAT,3273,KOTA BANDUNG,10,OKTOBER,0,RUPIAH/KILOGRAM,2022
575,32,JAWA BARAT,3273,KOTA BANDUNG,11,NOVEMBER,0,RUPIAH/KILOGRAM,2022
576,32,JAWA BARAT,3273,KOTA BANDUNG,12,DESEMBER,0,RUPIAH/KILOGRAM,2022
577,32,JAWA BARAT,3274,KOTA CIREBON,1,JANUARI,0,RUPIAH/KILOGRAM,2022
578,32,JAWA BARAT,3274,KOTA CIREBON,2,FEBRUARI,0,RUPIAH/KILOGRAM,2022
579,32,JAWA BARAT,3274,KOTA CIREBON,3,MARET,0,RUPIAH/KILOGRAM,2022
580,32,JAWA BARAT,3274,KOTA CIREBON,4,APRIL,0,RUPIAH/KILOGRAM,2022
581,32,JAWA BARAT,3274,KOTA CIREBON,5,MEI,0,RUPIAH/KILOGRAM,2022
582,32,JAWA BARAT,3274,KOTA CIREBON,6,JUNI,0,RUPIAH/KILOGRAM,2022
583,32,JAWA BARAT,3274,KOTA CIREBON,7,JULI,0,RUPIAH/KILOGRAM,2022
584,32,JAWA BARAT,3274,KOTA CIREBON,8,AGUSTUS,0,RUPIAH/KILOGRAM,2022
585,32,JAWA BARAT,3274,KOTA CIREBON,9,SEPTEMBER,0,RUPIAH/KILOGRAM,2022
586,32,JAWA BARAT,3274,KOTA CIREBON,10,OKTOBER,0,RUPIAH/KILOGRAM,2022
587,32,JAWA BARAT,3274,KOTA CIREBON,11,NOVEMBER,0,RUPIAH/KILOGRAM,2022
588,32,JAWA BARAT,3274,KOTA CIREBON,12,DESEMBER,0,RUPIAH/KILOGRAM,2022
589,32,JAWA BARAT,3275,KOTA BEKASI,1,JANUARI,0,RUPIAH/KILOGRAM,2022
590,32,JAWA BARAT,3275,KOTA BEKASI,2,FEBRUARI,0,RUPIAH/KILOGRAM,2022
591,32,JAWA BARAT,3275,KOTA BEKASI,3,MARET,0,RUPIAH/KILOGRAM,2022
592,32,JAWA BARAT,3275,KOTA BEKASI,4,APRIL,0,RUPIAH/KILOGRAM,2022
593,32,JAWA BARAT,3275,KOTA BEKASI,5,MEI,0,RUPIAH/KILOGRAM,2022
594,32,JAWA BARAT,3275,KOTA BEKASI,6,JUNI,0,RUPIAH/KILOGRAM,2022
595,32,JAWA BARAT,3275,KOTA BEKASI,7,JULI,0,RUPIAH/KILOGRAM,2022
596,32,JAWA BARAT,3275,KOTA BEKASI,8,AGUSTUS,0,RUPIAH/KILOGRAM,2022
597,32,JAWA BARAT,3275,KOTA BEKASI,9,SEPTEMBER,0,RUPIAH/KILOGRAM,2022
598,32,JAWA BARAT,3275,KOTA BEKASI,10,OKTOBER,0,RUPIAH/KILOGRAM,2022
599,32,JAWA BARAT,3275,KOTA BEKASI,11,NOVEMBER,0,RUPIAH/KILOGRAM,2022
600,32,JAWA BARAT,3275,KOTA BEKASI,12,DESEMBER,0,RUPIAH/KILOGRAM,2022
601,32,JAWA BARAT,3276,KOTA DEPOK,1,JANUARI,0,RUPIAH/KILOGRAM,2022
602,32,JAWA BARAT,3276,KOTA DEPOK,2,FEBRUARI,0,RUPIAH/KILOGRAM,2022
603,32,JAWA BARAT,3276,KOTA DEPOK,3,MARET,0,RUPIAH/KILOGRAM,2022
604,32,JAWA BARAT,3276,KOTA DEPOK,4,APRIL,0,RUPIAH/KILOGRAM,2022
605,32,JAWA BARAT,3276,KOTA DEPOK,5,MEI,0,RUPIAH/KILOGRAM,2022
606,32,JAWA BARAT,3276,KOTA DEPOK,6,JUNI,0,RUPIAH/KILOGRAM,2022
607,32,JAWA BARAT,3276,KOTA DEPOK,7,JULI,0,RUPIAH/KILOGRAM,2022
608,32,JAWA BARAT,3276,KOTA DEPOK,8,AGUSTUS,0,RUPIAH/KILOGRAM,2022
609,32,JAWA BARAT,3276,KOTA DEPOK,9,SEPTEMBER,0,RUPIAH/KILOGRAM,2022
610,32,JAWA BARAT,3276,KOTA DEPOK,10,OKTOBER,0,RUPIAH/KILOGRAM,2022
611,32,JAWA BARAT,3276,KOTA DEPOK,11,NOVEMBER,0,RUPIAH/KILOGRAM,2022
612,32,JAWA BARAT,3276,KOTA DEPOK,12,DESEMBER,0,RUPIAH/KILOGRAM,2022
613,32,JAWA BARAT,3277,KOTA CIMAHI,1,JANUARI,0,RUPIAH/KILOGRAM,2022
614,32,JAWA BARAT,3277,KOTA CIMAHI,2,FEBRUARI,0,RUPIAH/KILOGRAM,2022
615,32,JAWA BARAT,3277,KOTA CIMAHI,3,MARET,0,RUPIAH/KILOGRAM,2022
616,32,JAWA BARAT,3277,KOTA CIMAHI,4,APRIL,0,RUPIAH/KILOGRAM,2022
617,32,JAWA BARAT,3277,KOTA CIMAHI,5,MEI,0,RUPIAH/KILOGRAM,2022
618,32,JAWA BARAT,3277,KOTA CIMAHI,6,JUNI,0,RUPIAH/KILOGRAM,2022
619,32,JAWA BARAT,3277,KOTA CIMAHI,7,JULI,0,RUPIAH/KILOGRAM,2022
620,32,JAWA BARAT,3277,KOTA CIMAHI,8,AGUSTUS,0,RUPIAH/KILOGRAM,2022
621,32,JAWA BARAT,3277,KOTA CIMAHI,9,SEPTEMBER,0,RUPIAH/KILOGRAM,2022
622,32,JAWA BARAT,3277,KOTA CIMAHI,10,OKTOBER,0,RUPIAH/KILOGRAM,2022
623,32,JAWA BARAT,3277,KOTA CIMAHI,11,NOVEMBER,0,RUPIAH/KILOGRAM,2022
624,32,JAWA BARAT,3277,KOTA CIMAHI,12,DESEMBER,0,RUPIAH/KILOGRAM,2022
625,32,JAWA BARAT,3278,KOTA TASIKMALAYA,1,JANUARI,15467,RUPIAH/KILOGRAM,2022
626,32,JAWA BARAT,3278,KOTA TASIKMALAYA,2,FEBRUARI,16000,RUPIAH/KILOGRAM,2022
627,32,JAWA BARAT,3278,KOTA TASIKMALAYA,3,MARET,16000,RUPIAH/KILOGRAM,2022
628,32,JAWA BARAT,3278,KOTA TASIKMALAYA,4,APRIL,16000,RUPIAH/KILOGRAM,2022
629,32,JAWA BARAT,3278,KOTA TASIKMALAYA,5,MEI,16000,RUPIAH/KILOGRAM,2022
630,32,JAWA BARAT,3278,KOTA TASIKMALAYA,6,JUNI,16000,RUPIAH/KILOGRAM,2022
631,32,JAWA BARAT,3278,KOTA TASIKMALAYA,7,JULI,16000,RUPIAH/KILOGRAM,2022
632,32,JAWA BARAT,3278,KOTA TASIKMALAYA,8,AGUSTUS,"15935,48387",RUPIAH/KILOGRAM,2022
633,32,JAWA BARAT,3278,KOTA TASIKMALAYA,9,SEPTEMBER,16100,RUPIAH/KILOGRAM,2022
634,32,JAWA BARAT,3278,KOTA TASIKMALAYA,10,OKTOBER,"17870,96774",RUPIAH/KILOGRAM,2022
635,32,JAWA BARAT,3278,KOTA TASIKMALAYA,11,NOVEMBER,"17866,66667",RUPIAH/KILOGRAM,2022
636,32,JAWA BARAT,3278,KOTA TASIKMALAYA,12,DESEMBER,18000,RUPIAH/KILOGRAM,2022
637,32,JAWA BARAT,3279,KOTA BANJAR,1,JANUARI,20065,RUPIAH/KILOGRAM,2022
638,32,JAWA BARAT,3279,KOTA BANJAR,2,FEBRUARI,21000,RUPIAH/KILOGRAM,2022
639,32,JAWA BARAT,3279,KOTA BANJAR,3,MARET,"22677,41935",RUPIAH/KILOGRAM,2022
640,32,JAWA BARAT,3279,KOTA BANJAR,4,APRIL,"20766,66667",RUPIAH/KILOGRAM,2022
641,32,JAWA BARAT,3279,KOTA BANJAR,5,MEI,22000,RUPIAH/KILOGRAM,2022
642,32,JAWA BARAT,3279,KOTA BANJAR,6,JUNI,22500,RUPIAH/KILOGRAM,2022
643,32,JAWA BARAT,3279,KOTA BANJAR,7,JULI,"21774,19355",RUPIAH/KILOGRAM,2022
644,32,JAWA BARAT,3279,KOTA BANJAR,8,AGUSTUS,"19161,29032",RUPIAH/KILOGRAM,2022
645,32,JAWA BARAT,3279,KOTA BANJAR,9,SEPTEMBER,"21259,25926",RUPIAH/KILOGRAM,2022
646,32,JAWA BARAT,3279,KOTA BANJAR,10,OKTOBER,22000,RUPIAH/KILOGRAM,2022
647,32,JAWA BARAT,3279,KOTA BANJAR,11,NOVEMBER,22000,RUPIAH/KILOGRAM,2022
648,32,JAWA BARAT,3279,KOTA BANJAR,12,DESEMBER,"21483,87097",RUPIAH/KILOGRAM,2022
649,32,JAWA BARAT,3201,KABUPATEN BOGOR,1,JANUARI,24355,RUPIAH/KILOGRAM,2023
650,32,JAWA BARAT,3201,KABUPATEN BOGOR,2,FEBRUARI,28929,RUPIAH/KILOGRAM,2023
651,32,JAWA BARAT,3201,KABUPATEN BOGOR,3,MARET,29355,RUPIAH/KILOGRAM,2023
652,32,JAWA BARAT,3201,KABUPATEN BOGOR,4,APRIL,29733,RUPIAH/KILOGRAM,2023
653,32,JAWA BARAT,3201,KABUPATEN BOGOR,5,MEI,30710,RUPIAH/KILOGRAM,2023
654,32,JAWA BARAT,3201,KABUPATEN BOGOR,6,JUNI,37567,RUPIAH/KILOGRAM,2023
655,32,JAWA BARAT,3201,KABUPATEN BOGOR,7,JULI,35968,RUPIAH/KILOGRAM,2023
656,32,JAWA BARAT,3201,KABUPATEN BOGOR,8,AGUSTUS,38968,RUPIAH/KILOGRAM,2023
657,32,JAWA BARAT,3201,KABUPATEN BOGOR,9,SEPTEMBER,40400,RUPIAH/KILOGRAM,2023
658,32,JAWA BARAT,3201,KABUPATEN BOGOR,10,OKTOBER,40194,RUPIAH/KILOGRAM,2023
659,32,JAWA BARAT,3201,KABUPATEN BOGOR,11,NOVEMBER,40067,RUPIAH/KILOGRAM,2023
660,32,JAWA BARAT,3201,KABUPATEN BOGOR,12,DESEMBER,41548,RUPIAH/KILOGRAM,2023
661,32,JAWA BARAT,3202,KABUPATEN SUKABUMI,1,JANUARI,41226,RUPIAH/KILOGRAM,2023
662,32,JAWA BARAT,3202,KABUPATEN SUKABUMI,2,FEBRUARI,38929,RUPIAH/KILOGRAM,2023
663,32,JAWA BARAT,3202,KABUPATEN SUKABUMI,3,MARET,39161,RUPIAH/KILOGRAM,2023
664,32,JAWA BARAT,3202,KABUPATEN SUKABUMI,4,APRIL,38733,RUPIAH/KILOGRAM,2023
665,32,JAWA BARAT,3202,KABUPATEN SUKABUMI,5,MEI,38548,RUPIAH/KILOGRAM,2023
666,32,JAWA BARAT,3202,KABUPATEN SUKABUMI,6,JUNI,38400,RUPIAH/KILOGRAM,2023
667,32,JAWA BARAT,3202,KABUPATEN SUKABUMI,7,JULI,38452,RUPIAH/KILOGRAM,2023
668,32,JAWA BARAT,3202,KABUPATEN SUKABUMI,8,AGUSTUS,38323,RUPIAH/KILOGRAM,2023
669,32,JAWA BARAT,3202,KABUPATEN SUKABUMI,9,SEPTEMBER,38333,RUPIAH/KILOGRAM,2023
670,32,JAWA BARAT,3202,KABUPATEN SUKABUMI,10,OKTOBER,38742,RUPIAH/KILOGRAM,2023
671,32,JAWA BARAT,3202,KABUPATEN SUKABUMI,11,NOVEMBER,38200,RUPIAH/KILOGRAM,2023
672,32,JAWA BARAT,3202,KABUPATEN SUKABUMI,12,DESEMBER,38452,RUPIAH/KILOGRAM,2023
673,32,JAWA BARAT,3203,KABUPATEN CIANJUR,1,JANUARI,25000,RUPIAH/KILOGRAM,2023
674,32,JAWA BARAT,3203,KABUPATEN CIANJUR,2,FEBRUARI,25000,RUPIAH/KILOGRAM,2023
675,32,JAWA BARAT,3203,KABUPATEN CIANJUR,3,MARET,25000,RUPIAH/KILOGRAM,2023
676,32,JAWA BARAT,3203,KABUPATEN CIANJUR,4,APRIL,25000,RUPIAH/KILOGRAM,2023
677,32,JAWA BARAT,3203,KABUPATEN CIANJUR,5,MEI,25000,RUPIAH/KILOGRAM,2023
678,32,JAWA BARAT,3203,KABUPATEN CIANJUR,6,JUNI,25000,RUPIAH/KILOGRAM,2023
679,32,JAWA BARAT,3203,KABUPATEN CIANJUR,7,JULI,25000,RUPIAH/KILOGRAM,2023
680,32,JAWA BARAT,3203,KABUPATEN CIANJUR,8,AGUSTUS,25000,RUPIAH/KILOGRAM,2023
681,32,JAWA BARAT,3203,KABUPATEN CIANJUR,9,SEPTEMBER,25000,RUPIAH/KILOGRAM,2023
682,32,JAWA BARAT,3203,KABUPATEN CIANJUR,10,OKTOBER,25000,RUPIAH/KILOGRAM,2023
683,32,JAWA BARAT,3203,KABUPATEN CIANJUR,11,NOVEMBER,25000,RUPIAH/KILOGRAM,2023
684,32,JAWA BARAT,3203,KABUPATEN CIANJUR,12,DESEMBER,25000,RUPIAH/KILOGRAM,2023
685,32,JAWA BARAT,3204,KABUPATEN BANDUNG,1,JANUARI,18000,RUPIAH/KILOGRAM,2023
686,32,JAWA BARAT,3204,KABUPATEN BANDUNG,2,FEBRUARI,0,RUPIAH/KILOGRAM,2023
687,32,JAWA BARAT,3204,KABUPATEN BANDUNG,3,MARET,22000,RUPIAH/KILOGRAM,2023
688,32,JAWA BARAT,3204,KABUPATEN BANDUNG,4,APRIL,22067,RUPIAH/KILOGRAM,2023
689,32,JAWA BARAT,3204,KABUPATEN BANDUNG,5,MEI,0,RUPIAH/KILOGRAM,2023
690,32,JAWA BARAT,3204,KABUPATEN BANDUNG,6,JUNI,28000,RUPIAH/KILOGRAM,2023
691,32,JAWA BARAT,3204,KABUPATEN BANDUNG,7,JULI,28000,RUPIAH/KILOGRAM,2023
692,32,JAWA BARAT,3204,KABUPATEN BANDUNG,8,AGUSTUS,28000,RUPIAH/KILOGRAM,2023
693,32,JAWA BARAT,3204,KABUPATEN BANDUNG,9,SEPTEMBER,21733,RUPIAH/KILOGRAM,2023
694,32,JAWA BARAT,3204,KABUPATEN BANDUNG,10,OKTOBER,18000,RUPIAH/KILOGRAM,2023
695,32,JAWA BARAT,3204,KABUPATEN BANDUNG,11,NOVEMBER,18000,RUPIAH/KILOGRAM,2023
696,32,JAWA BARAT,3204,KABUPATEN BANDUNG,12,DESEMBER,18516,RUPIAH/KILOGRAM,2023
697,32,JAWA BARAT,3205,KABUPATEN GARUT,1,JANUARI,0,RUPIAH/KILOGRAM,2023
698,32,JAWA BARAT,3205,KABUPATEN GARUT,2,FEBRUARI,0,RUPIAH/KILOGRAM,2023
699,32,JAWA BARAT,3205,KABUPATEN GARUT,3,MARET,0,RUPIAH/KILOGRAM,2023
700,32,JAWA BARAT,3205,KABUPATEN GARUT,4,APRIL,0,RUPIAH/KILOGRAM,2023
701,32,JAWA BARAT,3205,KABUPATEN GARUT,5,MEI,0,RUPIAH/KILOGRAM,2023
702,32,JAWA BARAT,3205,KABUPATEN GARUT,6,JUNI,0,RUPIAH/KILOGRAM,2023
703,32,JAWA BARAT,3205,KABUPATEN GARUT,7,JULI,0,RUPIAH/KILOGRAM,2023
704,32,JAWA BARAT,3205,KABUPATEN GARUT,8,AGUSTUS,0,RUPIAH/KILOGRAM,2023
705,32,JAWA BARAT,3205,KABUPATEN GARUT,9,SEPTEMBER,0,RUPIAH/KILOGRAM,2023
706,32,JAWA BARAT,3205,KABUPATEN GARUT,10,OKTOBER,0,RUPIAH/KILOGRAM,2023
707,32,JAWA BARAT,3205,KABUPATEN GARUT,11,NOVEMBER,0,RUPIAH/KILOGRAM,2023
708,32,JAWA BARAT,3205,KABUPATEN GARUT,12,DESEMBER,0,RUPIAH/KILOGRAM,2023
709,32,JAWA BARAT,3206,KABUPATEN TASIKMALAYA,1,JANUARI,23000,RUPIAH/KILOGRAM,2023
710,32,JAWA BARAT,3206,KABUPATEN TASIKMALAYA,2,FEBRUARI,23000,RUPIAH/KILOGRAM,2023
711,32,JAWA BARAT,3206,KABUPATEN TASIKMALAYA,3,MARET,23000,RUPIAH/KILOGRAM,2023
712,32,JAWA BARAT,3206,KABUPATEN TASIKMALAYA,4,APRIL,23000,RUPIAH/KILOGRAM,2023
713,32,JAWA BARAT,3206,KABUPATEN TASIKMALAYA,5,MEI,23000,RUPIAH/KILOGRAM,2023
714,32,JAWA BARAT,3206,KABUPATEN TASIKMALAYA,6,JUNI,22900,RUPIAH/KILOGRAM,2023
715,32,JAWA BARAT,3206,KABUPATEN TASIKMALAYA,7,JULI,22935,RUPIAH/KILOGRAM,2023
716,32,JAWA BARAT,3206,KABUPATEN TASIKMALAYA,8,AGUSTUS,23000,RUPIAH/KILOGRAM,2023
717,32,JAWA BARAT,3206,KABUPATEN TASIKMALAYA,9,SEPTEMBER,23000,RUPIAH/KILOGRAM,2023
718,32,JAWA BARAT,3206,KABUPATEN TASIKMALAYA,10,OKTOBER,27516,RUPIAH/KILOGRAM,2023
719,32,JAWA BARAT,3206,KABUPATEN TASIKMALAYA,11,NOVEMBER,23800,RUPIAH/KILOGRAM,2023
720,32,JAWA BARAT,3206,KABUPATEN TASIKMALAYA,12,DESEMBER,25677,RUPIAH/KILOGRAM,2023
721,32,JAWA BARAT,3207,KABUPATEN CIAMIS,1,JANUARI,20000,RUPIAH/KILOGRAM,2023
722,32,JAWA BARAT,3207,KABUPATEN CIAMIS,2,FEBRUARI,20000,RUPIAH/KILOGRAM,2023
723,32,JAWA BARAT,3207,KABUPATEN CIAMIS,3,MARET,20000,RUPIAH/KILOGRAM,2023
724,32,JAWA BARAT,3207,KABUPATEN CIAMIS,4,APRIL,20000,RUPIAH/KILOGRAM,2023
725,32,JAWA BARAT,3207,KABUPATEN CIAMIS,5,MEI,24000,RUPIAH/KILOGRAM,2023
726,32,JAWA BARAT,3207,KABUPATEN CIAMIS,6,JUNI,24000,RUPIAH/KILOGRAM,2023
727,32,JAWA BARAT,3207,KABUPATEN CIAMIS,7,JULI,24000,RUPIAH/KILOGRAM,2023
728,32,JAWA BARAT,3207,KABUPATEN CIAMIS,8,AGUSTUS,24774,RUPIAH/KILOGRAM,2023
729,32,JAWA BARAT,3207,KABUPATEN CIAMIS,9,SEPTEMBER,26000,RUPIAH/KILOGRAM,2023
730,32,JAWA BARAT,3207,KABUPATEN CIAMIS,10,OKTOBER,26000,RUPIAH/KILOGRAM,2023
731,32,JAWA BARAT,3207,KABUPATEN CIAMIS,11,NOVEMBER,26000,RUPIAH/KILOGRAM,2023
732,32,JAWA BARAT,3207,KABUPATEN CIAMIS,12,DESEMBER,26000,RUPIAH/KILOGRAM,2023
733,32,JAWA BARAT,3208,KABUPATEN KUNINGAN,1,JANUARI,24323,RUPIAH/KILOGRAM,2023
734,32,JAWA BARAT,3208,KABUPATEN KUNINGAN,2,FEBRUARI,25000,RUPIAH/KILOGRAM,2023
735,32,JAWA BARAT,3208,KABUPATEN KUNINGAN,3,MARET,25823,RUPIAH/KILOGRAM,2023
736,32,JAWA BARAT,3208,KABUPATEN KUNINGAN,4,APRIL,26533,RUPIAH/KILOGRAM,2023
737,32,JAWA BARAT,3208,KABUPATEN KUNINGAN,5,MEI,28000,RUPIAH/KILOGRAM,2023
738,32,JAWA BARAT,3208,KABUPATEN KUNINGAN,6,JUNI,36833,RUPIAH/KILOGRAM,2023
739,32,JAWA BARAT,3208,KABUPATEN KUNINGAN,7,JULI,0,RUPIAH/KILOGRAM,2023
740,32,JAWA BARAT,3208,KABUPATEN KUNINGAN,8,AGUSTUS,38500,RUPIAH/KILOGRAM,2023
741,32,JAWA BARAT,3208,KABUPATEN KUNINGAN,9,SEPTEMBER,38000,RUPIAH/KILOGRAM,2023
742,32,JAWA BARAT,3208,KABUPATEN KUNINGAN,10,OKTOBER,36500,RUPIAH/KILOGRAM,2023
743,32,JAWA BARAT,3208,KABUPATEN KUNINGAN,11,NOVEMBER,38000,RUPIAH/KILOGRAM,2023
744,32,JAWA BARAT,3208,KABUPATEN KUNINGAN,12,DESEMBER,37500,RUPIAH/KILOGRAM,2023
745,32,JAWA BARAT,3209,KABUPATEN CIREBON,1,JANUARI,0,RUPIAH/KILOGRAM,2023
746,32,JAWA BARAT,3209,KABUPATEN CIREBON,2,FEBRUARI,0,RUPIAH/KILOGRAM,2023
747,32,JAWA BARAT,3209,KABUPATEN CIREBON,3,MARET,0,RUPIAH/KILOGRAM,2023
748,32,JAWA BARAT,3209,KABUPATEN CIREBON,4,APRIL,0,RUPIAH/KILOGRAM,2023
749,32,JAWA BARAT,3209,KABUPATEN CIREBON,5,MEI,0,RUPIAH/KILOGRAM,2023
750,32,JAWA BARAT,3209,KABUPATEN CIREBON,6,JUNI,0,RUPIAH/KILOGRAM,2023
751,32,JAWA BARAT,3209,KABUPATEN CIREBON,7,JULI,0,RUPIAH/KILOGRAM,2023
752,32,JAWA BARAT,3209,KABUPATEN CIREBON,8,AGUSTUS,0,RUPIAH/KILOGRAM,2023
753,32,JAWA BARAT,3209,KABUPATEN CIREBON,9,SEPTEMBER,0,RUPIAH/KILOGRAM,2023
754,32,JAWA BARAT,3209,KABUPATEN CIREBON,10,OKTOBER,0,RUPIAH/KILOGRAM,2023
755,32,JAWA BARAT,3209,KABUPATEN CIREBON,11,NOVEMBER,0,RUPIAH/KILOGRAM,2023
756,32,JAWA BARAT,3209,KABUPATEN CIREBON,12,DESEMBER,0,RUPIAH/KILOGRAM,2023
757,32,JAWA BARAT,3210,KABUPATEN MAJALENGKA,1,JANUARI,50000,RUPIAH/KILOGRAM,2023
758,32,JAWA BARAT,3210,KABUPATEN MAJALENGKA,2,FEBRUARI,50000,RUPIAH/KILOGRAM,2023
759,32,JAWA BARAT,3210,KABUPATEN MAJALENGKA,3,MARET,43000,RUPIAH/KILOGRAM,2023
760,32,JAWA BARAT,3210,KABUPATEN MAJALENGKA,4,APRIL,45000,RUPIAH/KILOGRAM,2023
761,32,JAWA BARAT,3210,KABUPATEN MAJALENGKA,5,MEI,47000,RUPIAH/KILOGRAM,2023
762,32,JAWA BARAT,3210,KABUPATEN MAJALENGKA,6,JUNI,42500,RUPIAH/KILOGRAM,2023
763,32,JAWA BARAT,3210,KABUPATEN MAJALENGKA,7,JULI,41290,RUPIAH/KILOGRAM,2023
764,32,JAWA BARAT,3210,KABUPATEN MAJALENGKA,8,AGUSTUS,43871,RUPIAH/KILOGRAM,2023
765,32,JAWA BARAT,3210,KABUPATEN MAJALENGKA,9,SEPTEMBER,48000,RUPIAH/KILOGRAM,2023
766,32,JAWA BARAT,3210,KABUPATEN MAJALENGKA,10,OKTOBER,48645,RUPIAH/KILOGRAM,2023
767,32,JAWA BARAT,3210,KABUPATEN MAJALENGKA,11,NOVEMBER,50467,RUPIAH/KILOGRAM,2023
768,32,JAWA BARAT,3210,KABUPATEN MAJALENGKA,12,DESEMBER,46000,RUPIAH/KILOGRAM,2023
769,32,JAWA BARAT,3211,KABUPATEN SUMEDANG,1,JANUARI,0,RUPIAH/KILOGRAM,2023
770,32,JAWA BARAT,3211,KABUPATEN SUMEDANG,2,FEBRUARI,0,RUPIAH/KILOGRAM,2023
771,32,JAWA BARAT,3211,KABUPATEN SUMEDANG,3,MARET,0,RUPIAH/KILOGRAM,2023
772,32,JAWA BARAT,3211,KABUPATEN SUMEDANG,4,APRIL,0,RUPIAH/KILOGRAM,2023
773,32,JAWA BARAT,3211,KABUPATEN SUMEDANG,5,MEI,0,RUPIAH/KILOGRAM,2023
774,32,JAWA BARAT,3211,KABUPATEN SUMEDANG,6,JUNI,0,RUPIAH/KILOGRAM,2023
775,32,JAWA BARAT,3211,KABUPATEN SUMEDANG,7,JULI,0,RUPIAH/KILOGRAM,2023
776,32,JAWA BARAT,3211,KABUPATEN SUMEDANG,8,AGUSTUS,0,RUPIAH/KILOGRAM,2023
777,32,JAWA BARAT,3211,KABUPATEN SUMEDANG,9,SEPTEMBER,0,RUPIAH/KILOGRAM,2023
778,32,JAWA BARAT,3211,KABUPATEN SUMEDANG,10,OKTOBER,0,RUPIAH/KILOGRAM,2023
779,32,JAWA BARAT,3211,KABUPATEN SUMEDANG,11,NOVEMBER,0,RUPIAH/KILOGRAM,2023
780,32,JAWA BARAT,3211,KABUPATEN SUMEDANG,12,DESEMBER,0,RUPIAH/KILOGRAM,2023
781,32,JAWA BARAT,3212,KABUPATEN INDRAMAYU,1,JANUARI,0,RUPIAH/KILOGRAM,2023
782,32,JAWA BARAT,3212,KABUPATEN INDRAMAYU,2,FEBRUARI,0,RUPIAH/KILOGRAM,2023
783,32,JAWA BARAT,3212,KABUPATEN INDRAMAYU,3,MARET,0,RUPIAH/KILOGRAM,2023
784,32,JAWA BARAT,3212,KABUPATEN INDRAMAYU,4,APRIL,0,RUPIAH/KILOGRAM,2023
785,32,JAWA BARAT,3212,KABUPATEN INDRAMAYU,5,MEI,0,RUPIAH/KILOGRAM,2023
786,32,JAWA BARAT,3212,KABUPATEN INDRAMAYU,6,JUNI,0,RUPIAH/KILOGRAM,2023
787,32,JAWA BARAT,3212,KABUPATEN INDRAMAYU,7,JULI,0,RUPIAH/KILOGRAM,2023
788,32,JAWA BARAT,3212,KABUPATEN INDRAMAYU,8,AGUSTUS,0,RUPIAH/KILOGRAM,2023
789,32,JAWA BARAT,3212,KABUPATEN INDRAMAYU,9,SEPTEMBER,0,RUPIAH/KILOGRAM,2023
790,32,JAWA BARAT,3212,KABUPATEN INDRAMAYU,10,OKTOBER,0,RUPIAH/KILOGRAM,2023
791,32,JAWA BARAT,3212,KABUPATEN INDRAMAYU,11,NOVEMBER,0,RUPIAH/KILOGRAM,2023
792,32,JAWA BARAT,3212,KABUPATEN INDRAMAYU,12,DESEMBER,0,RUPIAH/KILOGRAM,2023
793,32,JAWA BARAT,3213,KABUPATEN SUBANG,1,JANUARI,35000,RUPIAH/KILOGRAM,2023
794,32,JAWA BARAT,3213,KABUPATEN SUBANG,2,FEBRUARI,0,RUPIAH/KILOGRAM,2023
795,32,JAWA BARAT,3213,KABUPATEN SUBANG,3,MARET,20000,RUPIAH/KILOGRAM,2023
796,32,JAWA BARAT,3213,KABUPATEN SUBANG,4,APRIL,20000,RUPIAH/KILOGRAM,2023
797,32,JAWA BARAT,3213,KABUPATEN SUBANG,5,MEI,20000,RUPIAH/KILOGRAM,2023
798,32,JAWA BARAT,3213,KABUPATEN SUBANG,6,JUNI,20000,RUPIAH/KILOGRAM,2023
799,32,JAWA BARAT,3213,KABUPATEN SUBANG,7,JULI,0,RUPIAH/KILOGRAM,2023
800,32,JAWA BARAT,3213,KABUPATEN SUBANG,8,AGUSTUS,0,RUPIAH/KILOGRAM,2023
801,32,JAWA BARAT,3213,KABUPATEN SUBANG,9,SEPTEMBER,0,RUPIAH/KILOGRAM,2023
802,32,JAWA BARAT,3213,KABUPATEN SUBANG,10,OKTOBER,70000,RUPIAH/KILOGRAM,2023
803,32,JAWA BARAT,3213,KABUPATEN SUBANG,11,NOVEMBER,70000,RUPIAH/KILOGRAM,2023
804,32,JAWA BARAT,3213,KABUPATEN SUBANG,12,DESEMBER,60000,RUPIAH/KILOGRAM,2023
805,32,JAWA BARAT,3214,KABUPATEN PURWAKARTA,1,JANUARI,20000,RUPIAH/KILOGRAM,2023
806,32,JAWA BARAT,3214,KABUPATEN PURWAKARTA,2,FEBRUARI,20000,RUPIAH/KILOGRAM,2023
807,32,JAWA BARAT,3214,KABUPATEN PURWAKARTA,3,MARET,20000,RUPIAH/KILOGRAM,2023
808,32,JAWA BARAT,3214,KABUPATEN PURWAKARTA,4,APRIL,20000,RUPIAH/KILOGRAM,2023
809,32,JAWA BARAT,3214,KABUPATEN PURWAKARTA,5,MEI,0,RUPIAH/KILOGRAM,2023
810,32,JAWA BARAT,3214,KABUPATEN PURWAKARTA,6,JUNI,29000,RUPIAH/KILOGRAM,2023
811,32,JAWA BARAT,3214,KABUPATEN PURWAKARTA,7,JULI,35000,RUPIAH/KILOGRAM,2023
812,32,JAWA BARAT,3214,KABUPATEN PURWAKARTA,8,AGUSTUS,0,RUPIAH/KILOGRAM,2023
813,32,JAWA BARAT,3214,KABUPATEN PURWAKARTA,9,SEPTEMBER,0,RUPIAH/KILOGRAM,2023
814,32,JAWA BARAT,3214,KABUPATEN PURWAKARTA,10,OKTOBER,28000,RUPIAH/KILOGRAM,2023
815,32,JAWA BARAT,3214,KABUPATEN PURWAKARTA,11,NOVEMBER,0,RUPIAH/KILOGRAM,2023
816,32,JAWA BARAT,3214,KABUPATEN PURWAKARTA,12,DESEMBER,28000,RUPIAH/KILOGRAM,2023
817,32,JAWA BARAT,3215,KABUPATEN KARAWANG,1,JANUARI,22000,RUPIAH/KILOGRAM,2023
818,32,JAWA BARAT,3215,KABUPATEN KARAWANG,2,FEBRUARI,22000,RUPIAH/KILOGRAM,2023
819,32,JAWA BARAT,3215,KABUPATEN KARAWANG,3,MARET,22000,RUPIAH/KILOGRAM,2023
820,32,JAWA BARAT,3215,KABUPATEN KARAWANG,4,APRIL,22000,RUPIAH/KILOGRAM,2023
821,32,JAWA BARAT,3215,KABUPATEN KARAWANG,5,MEI,22000,RUPIAH/KILOGRAM,2023
822,32,JAWA BARAT,3215,KABUPATEN KARAWANG,6,JUNI,22000,RUPIAH/KILOGRAM,2023
823,32,JAWA BARAT,3215,KABUPATEN KARAWANG,7,JULI,22000,RUPIAH/KILOGRAM,2023
824,32,JAWA BARAT,3215,KABUPATEN KARAWANG,8,AGUSTUS,25000,RUPIAH/KILOGRAM,2023
825,32,JAWA BARAT,3215,KABUPATEN KARAWANG,9,SEPTEMBER,28000,RUPIAH/KILOGRAM,2023
826,32,JAWA BARAT,3215,KABUPATEN KARAWANG,10,OKTOBER,28000,RUPIAH/KILOGRAM,2023
827,32,JAWA BARAT,3215,KABUPATEN KARAWANG,11,NOVEMBER,30000,RUPIAH/KILOGRAM,2023
828,32,JAWA BARAT,3215,KABUPATEN KARAWANG,12,DESEMBER,30000,RUPIAH/KILOGRAM,2023
829,32,JAWA BARAT,3216,KABUPATEN BEKASI,1,JANUARI,0,RUPIAH/KILOGRAM,2023
830,32,JAWA BARAT,3216,KABUPATEN BEKASI,2,FEBRUARI,0,RUPIAH/KILOGRAM,2023
831,32,JAWA BARAT,3216,KABUPATEN BEKASI,3,MARET,0,RUPIAH/KILOGRAM,2023
832,32,JAWA BARAT,3216,KABUPATEN BEKASI,4,APRIL,0,RUPIAH/KILOGRAM,2023
833,32,JAWA BARAT,3216,KABUPATEN BEKASI,5,MEI,0,RUPIAH/KILOGRAM,2023
834,32,JAWA BARAT,3216,KABUPATEN BEKASI,6,JUNI,0,RUPIAH/KILOGRAM,2023
835,32,JAWA BARAT,3216,KABUPATEN BEKASI,7,JULI,0,RUPIAH/KILOGRAM,2023
836,32,JAWA BARAT,3216,KABUPATEN BEKASI,8,AGUSTUS,0,RUPIAH/KILOGRAM,2023
837,32,JAWA BARAT,3216,KABUPATEN BEKASI,9,SEPTEMBER,0,RUPIAH/KILOGRAM,2023
838,32,JAWA BARAT,3216,KABUPATEN BEKASI,10,OKTOBER,0,RUPIAH/KILOGRAM,2023
839,32,JAWA BARAT,3216,KABUPATEN BEKASI,11,NOVEMBER,0,RUPIAH/KILOGRAM,2023
840,32,JAWA BARAT,3216,KABUPATEN BEKASI,12,DESEMBER,0,RUPIAH/KILOGRAM,2023
841,32,JAWA BARAT,3217,KABUPATEN BANDUNG BARAT,1,JANUARI,30903,RUPIAH/KILOGRAM,2023
842,32,JAWA BARAT,3217,KABUPATEN BANDUNG BARAT,2,FEBRUARI,28500,RUPIAH/KILOGRAM,2023
843,32,JAWA BARAT,3217,KABUPATEN BANDUNG BARAT,3,MARET,29742,RUPIAH/KILOGRAM,2023
844,32,JAWA BARAT,3217,KABUPATEN BANDUNG BARAT,4,APRIL,32700,RUPIAH/KILOGRAM,2023
845,32,JAWA BARAT,3217,KABUPATEN BANDUNG BARAT,5,MEI,32226,RUPIAH/KILOGRAM,2023
846,32,JAWA BARAT,3217,KABUPATEN BANDUNG BARAT,6,JUNI,30600,RUPIAH/KILOGRAM,2023
847,32,JAWA BARAT,3217,KABUPATEN BANDUNG BARAT,7,JULI,34000,RUPIAH/KILOGRAM,2023
848,32,JAWA BARAT,3217,KABUPATEN BANDUNG BARAT,8,AGUSTUS,35000,RUPIAH/KILOGRAM,2023
849,32,JAWA BARAT,3217,KABUPATEN BANDUNG BARAT,9,SEPTEMBER,35000,RUPIAH/KILOGRAM,2023
850,32,JAWA BARAT,3217,KABUPATEN BANDUNG BARAT,10,OKTOBER,39194,RUPIAH/KILOGRAM,2023
851,32,JAWA BARAT,3217,KABUPATEN BANDUNG BARAT,11,NOVEMBER,40000,RUPIAH/KILOGRAM,2023
852,32,JAWA BARAT,3217,KABUPATEN BANDUNG BARAT,12,DESEMBER,40000,RUPIAH/KILOGRAM,2023
853,32,JAWA BARAT,3218,KABUPATEN PANGANDARAN,1,JANUARI,22000,RUPIAH/KILOGRAM,2023
854,32,JAWA BARAT,3218,KABUPATEN PANGANDARAN,2,FEBRUARI,22000,RUPIAH/KILOGRAM,2023
855,32,JAWA BARAT,3218,KABUPATEN PANGANDARAN,3,MARET,22000,RUPIAH/KILOGRAM,2023
856,32,JAWA BARAT,3218,KABUPATEN PANGANDARAN,4,APRIL,21000,RUPIAH/KILOGRAM,2023
857,32,JAWA BARAT,3218,KABUPATEN PANGANDARAN,5,MEI,24097,RUPIAH/KILOGRAM,2023
858,32,JAWA BARAT,3218,KABUPATEN PANGANDARAN,6,JUNI,25000,RUPIAH/KILOGRAM,2023
859,32,JAWA BARAT,3218,KABUPATEN PANGANDARAN,7,JULI,31000,RUPIAH/KILOGRAM,2023
860,32,JAWA BARAT,3218,KABUPATEN PANGANDARAN,8,AGUSTUS,35000,RUPIAH/KILOGRAM,2023
861,32,JAWA BARAT,3218,KABUPATEN PANGANDARAN,9,SEPTEMBER,35000,RUPIAH/KILOGRAM,2023
862,32,JAWA BARAT,3218,KABUPATEN PANGANDARAN,10,OKTOBER,38000,RUPIAH/KILOGRAM,2023
863,32,JAWA BARAT,3218,KABUPATEN PANGANDARAN,11,NOVEMBER,40000,RUPIAH/KILOGRAM,2023
864,32,JAWA BARAT,3218,KABUPATEN PANGANDARAN,12,DESEMBER,40000,RUPIAH/KILOGRAM,2023
865,32,JAWA BARAT,3271,KOTA BOGOR,1,JANUARI,0,RUPIAH/KILOGRAM,2023
866,32,JAWA BARAT,3271,KOTA BOGOR,2,FEBRUARI,0,RUPIAH/KILOGRAM,2023
867,32,JAWA BARAT,3271,KOTA BOGOR,3,MARET,0,RUPIAH/KILOGRAM,2023
868,32,JAWA BARAT,3271,KOTA BOGOR,4,APRIL,0,RUPIAH/KILOGRAM,2023
869,32,JAWA BARAT,3271,KOTA BOGOR,5,MEI,0,RUPIAH/KILOGRAM,2023
870,32,JAWA BARAT,3271,KOTA BOGOR,6,JUNI,0,RUPIAH/KILOGRAM,2023
871,32,JAWA BARAT,3271,KOTA BOGOR,7,JULI,0,RUPIAH/KILOGRAM,2023
872,32,JAWA BARAT,3271,KOTA BOGOR,8,AGUSTUS,0,RUPIAH/KILOGRAM,2023
873,32,JAWA BARAT,3271,KOTA BOGOR,9,SEPTEMBER,0,RUPIAH/KILOGRAM,2023
874,32,JAWA BARAT,3271,KOTA BOGOR,10,OKTOBER,0,RUPIAH/KILOGRAM,2023
875,32,JAWA BARAT,3271,KOTA BOGOR,11,NOVEMBER,0,RUPIAH/KILOGRAM,2023
876,32,JAWA BARAT,3271,KOTA BOGOR,12,DESEMBER,0,RUPIAH/KILOGRAM,2023
877,32,JAWA BARAT,3272,KOTA SUKABUMI,1,JANUARI,0,RUPIAH/KILOGRAM,2023
878,32,JAWA BARAT,3272,KOTA SUKABUMI,2,FEBRUARI,0,RUPIAH/KILOGRAM,2023
879,32,JAWA BARAT,3272,KOTA SUKABUMI,3,MARET,0,RUPIAH/KILOGRAM,2023
880,32,JAWA BARAT,3272,KOTA SUKABUMI,4,APRIL,0,RUPIAH/KILOGRAM,2023
881,32,JAWA BARAT,3272,KOTA SUKABUMI,5,MEI,0,RUPIAH/KILOGRAM,2023
882,32,JAWA BARAT,3272,KOTA SUKABUMI,6,JUNI,0,RUPIAH/KILOGRAM,2023
883,32,JAWA BARAT,3272,KOTA SUKABUMI,7,JULI,0,RUPIAH/KILOGRAM,2023
884,32,JAWA BARAT,3272,KOTA SUKABUMI,8,AGUSTUS,0,RUPIAH/KILOGRAM,2023
885,32,JAWA BARAT,3272,KOTA SUKABUMI,9,SEPTEMBER,0,RUPIAH/KILOGRAM,2023
886,32,JAWA BARAT,3272,KOTA SUKABUMI,10,OKTOBER,0,RUPIAH/KILOGRAM,2023
887,32,JAWA BARAT,3272,KOTA SUKABUMI,11,NOVEMBER,0,RUPIAH/KILOGRAM,2023
888,32,JAWA BARAT,3272,KOTA SUKABUMI,12,DESEMBER,0,RUPIAH/KILOGRAM,2023
889,32,JAWA BARAT,3273,KOTA BANDUNG,1,JANUARI,0,RUPIAH/KILOGRAM,2023
890,32,JAWA BARAT,3273,KOTA BANDUNG,2,FEBRUARI,0,RUPIAH/KILOGRAM,2023
891,32,JAWA BARAT,3273,KOTA BANDUNG,3,MARET,0,RUPIAH/KILOGRAM,2023
892,32,JAWA BARAT,3273,KOTA BANDUNG,4,APRIL,0,RUPIAH/KILOGRAM,2023
893,32,JAWA BARAT,3273,KOTA BANDUNG,5,MEI,0,RUPIAH/KILOGRAM,2023
894,32,JAWA BARAT,3273,KOTA BANDUNG,6,JUNI,0,RUPIAH/KILOGRAM,2023
895,32,JAWA BARAT,3273,KOTA BANDUNG,7,JULI,0,RUPIAH/KILOGRAM,2023
896,32,JAWA BARAT,3273,KOTA BANDUNG,8,AGUSTUS,0,RUPIAH/KILOGRAM,2023
897,32,JAWA BARAT,3273,KOTA BANDUNG,9,SEPTEMBER,0,RUPIAH/KILOGRAM,2023
898,32,JAWA BARAT,3273,KOTA BANDUNG,10,OKTOBER,0,RUPIAH/KILOGRAM,2023
899,32,JAWA BARAT,3273,KOTA BANDUNG,11,NOVEMBER,0,RUPIAH/KILOGRAM,2023
900,32,JAWA BARAT,3273,KOTA BANDUNG,12,DESEMBER,0,RUPIAH/KILOGRAM,2023
901,32,JAWA BARAT,3274,KOTA CIREBON,1,JANUARI,0,RUPIAH/KILOGRAM,2023
902,32,JAWA BARAT,3274,KOTA CIREBON,2,FEBRUARI,0,RUPIAH/KILOGRAM,2023
903,32,JAWA BARAT,3274,KOTA CIREBON,3,MARET,0,RUPIAH/KILOGRAM,2023
904,32,JAWA BARAT,3274,KOTA CIREBON,4,APRIL,0,RUPIAH/KILOGRAM,2023
905,32,JAWA BARAT,3274,KOTA CIREBON,5,MEI,0,RUPIAH/KILOGRAM,2023
906,32,JAWA BARAT,3274,KOTA CIREBON,6,JUNI,0,RUPIAH/KILOGRAM,2023
907,32,JAWA BARAT,3274,KOTA CIREBON,7,JULI,0,RUPIAH/KILOGRAM,2023
908,32,JAWA BARAT,3274,KOTA CIREBON,8,AGUSTUS,0,RUPIAH/KILOGRAM,2023
909,32,JAWA BARAT,3274,KOTA CIREBON,9,SEPTEMBER,0,RUPIAH/KILOGRAM,2023
910,32,JAWA BARAT,3274,KOTA CIREBON,10,OKTOBER,0,RUPIAH/KILOGRAM,2023
911,32,JAWA BARAT,3274,KOTA CIREBON,11,NOVEMBER,0,RUPIAH/KILOGRAM,2023
912,32,JAWA BARAT,3274,KOTA CIREBON,12,DESEMBER,0,RUPIAH/KILOGRAM,2023
913,32,JAWA BARAT,3275,KOTA BEKASI,1,JANUARI,0,RUPIAH/KILOGRAM,2023
914,32,JAWA BARAT,3275,KOTA BEKASI,2,FEBRUARI,0,RUPIAH/KILOGRAM,2023
915,32,JAWA BARAT,3275,KOTA BEKASI,3,MARET,0,RUPIAH/KILOGRAM,2023
916,32,JAWA BARAT,3275,KOTA BEKASI,4,APRIL,0,RUPIAH/KILOGRAM,2023
917,32,JAWA BARAT,3275,KOTA BEKASI,5,MEI,0,RUPIAH/KILOGRAM,2023
918,32,JAWA BARAT,3275,KOTA BEKASI,6,JUNI,0,RUPIAH/KILOGRAM,2023
919,32,JAWA BARAT,3275,KOTA BEKASI,7,JULI,0,RUPIAH/KILOGRAM,2023
920,32,JAWA BARAT,3275,KOTA BEKASI,8,AGUSTUS,0,RUPIAH/KILOGRAM,2023
921,32,JAWA BARAT,3275,KOTA BEKASI,9,SEPTEMBER,0,RUPIAH/KILOGRAM,2023
922,32,JAWA BARAT,3275,KOTA BEKASI,10,OKTOBER,0,RUPIAH/KILOGRAM,2023
923,32,JAWA BARAT,3275,KOTA BEKASI,11,NOVEMBER,0,RUPIAH/KILOGRAM,2023
924,32,JAWA BARAT,3275,KOTA BEKASI,12,DESEMBER,0,RUPIAH/KILOGRAM,2023
925,32,JAWA BARAT,3276,KOTA DEPOK,1,JANUARI,0,RUPIAH/KILOGRAM,2023
926,32,JAWA BARAT,3276,KOTA DEPOK,2,FEBRUARI,0,RUPIAH/KILOGRAM,2023
927,32,JAWA BARAT,3276,KOTA DEPOK,3,MARET,0,RUPIAH/KILOGRAM,2023
928,32,JAWA BARAT,3276,KOTA DEPOK,4,APRIL,0,RUPIAH/KILOGRAM,2023
929,32,JAWA BARAT,3276,KOTA DEPOK,5,MEI,0,RUPIAH/KILOGRAM,2023
930,32,JAWA BARAT,3276,KOTA DEPOK,6,JUNI,0,RUPIAH/KILOGRAM,2023
931,32,JAWA BARAT,3276,KOTA DEPOK,7,JULI,0,RUPIAH/KILOGRAM,2023
932,32,JAWA BARAT,3276,KOTA DEPOK,8,AGUSTUS,0,RUPIAH/KILOGRAM,2023
933,32,JAWA BARAT,3276,KOTA DEPOK,9,SEPTEMBER,0,RUPIAH/KILOGRAM,2023
934,32,JAWA BARAT,3276,KOTA DEPOK,10,OKTOBER,0,RUPIAH/KILOGRAM,2023
935,32,JAWA BARAT,3276,KOTA DEPOK,11,NOVEMBER,0,RUPIAH/KILOGRAM,2023
936,32,JAWA BARAT,3276,KOTA DEPOK,12,DESEMBER,0,RUPIAH/KILOGRAM,2023
937,32,JAWA BARAT,3277,KOTA CIMAHI,1,JANUARI,0,RUPIAH/KILOGRAM,2023
938,32,JAWA BARAT,3277,KOTA CIMAHI,2,FEBRUARI,0,RUPIAH/KILOGRAM,2023
939,32,JAWA BARAT,3277,KOTA CIMAHI,3,MARET,0,RUPIAH/KILOGRAM,2023
940,32,JAWA BARAT,3277,KOTA CIMAHI,4,APRIL,0,RUPIAH/KILOGRAM,2023
941,32,JAWA BARAT,3277,KOTA CIMAHI,5,MEI,0,RUPIAH/KILOGRAM,2023
942,32,JAWA BARAT,3277,KOTA CIMAHI,6,JUNI,0,RUPIAH/KILOGRAM,2023
943,32,JAWA BARAT,3277,KOTA CIMAHI,7,JULI,0,RUPIAH/KILOGRAM,2023
944,32,JAWA BARAT,3277,KOTA CIMAHI,8,AGUSTUS,0,RUPIAH/KILOGRAM,2023
945,32,JAWA BARAT,3277,KOTA CIMAHI,9,SEPTEMBER,0,RUPIAH/KILOGRAM,2023
946,32,JAWA BARAT,3277,KOTA CIMAHI,10,OKTOBER,0,RUPIAH/KILOGRAM,2023
947,32,JAWA BARAT,3277,KOTA CIMAHI,11,NOVEMBER,0,RUPIAH/KILOGRAM,2023
948,32,JAWA BARAT,3277,KOTA CIMAHI,12,DESEMBER,0,RUPIAH/KILOGRAM,2023
949,32,JAWA BARAT,3278,KOTA TASIKMALAYA,1,JANUARI,18000,RUPIAH/KILOGRAM,2023
950,32,JAWA BARAT,3278,KOTA TASIKMALAYA,2,FEBRUARI,18000,RUPIAH/KILOGRAM,2023
951,32,JAWA BARAT,3278,KOTA TASIKMALAYA,3,MARET,18000,RUPIAH/KILOGRAM,2023
952,32,JAWA BARAT,3278,KOTA TASIKMALAYA,4,APRIL,19400,RUPIAH/KILOGRAM,2023
953,32,JAWA BARAT,3278,KOTA TASIKMALAYA,5,MEI,20000,RUPIAH/KILOGRAM,2023
954,32,JAWA BARAT,3278,KOTA TASIKMALAYA,6,JUNI,20000,RUPIAH/KILOGRAM,2023
955,32,JAWA BARAT,3278,KOTA TASIKMALAYA,7,JULI,21452,RUPIAH/KILOGRAM,2023
956,32,JAWA BARAT,3278,KOTA TASIKMALAYA,8,AGUSTUS,20000,RUPIAH/KILOGRAM,2023
957,32,JAWA BARAT,3278,KOTA TASIKMALAYA,9,SEPTEMBER,20000,RUPIAH/KILOGRAM,2023
958,32,JAWA BARAT,3278,KOTA TASIKMALAYA,10,OKTOBER,20000,RUPIAH/KILOGRAM,2023
959,32,JAWA BARAT,3278,KOTA TASIKMALAYA,11,NOVEMBER,20000,RUPIAH/KILOGRAM,2023
960,32,JAWA BARAT,3278,KOTA TASIKMALAYA,12,DESEMBER,20000,RUPIAH/KILOGRAM,2023
961,32,JAWA BARAT,3279,KOTA BANJAR,1,JANUARI,21774,RUPIAH/KILOGRAM,2023
962,32,JAWA BARAT,3279,KOTA BANJAR,2,FEBRUARI,21679,RUPIAH/KILOGRAM,2023
963,32,JAWA BARAT,3279,KOTA BANJAR,3,MARET,21323,RUPIAH/KILOGRAM,2023
964,32,JAWA BARAT,3279,KOTA BANJAR,4,APRIL,21567,RUPIAH/KILOGRAM,2023
965,32,JAWA BARAT,3279,KOTA BANJAR,5,MEI,20677,RUPIAH/KILOGRAM,2023
966,32,JAWA BARAT,3279,KOTA BANJAR,6,JUNI,23000,RUPIAH/KILOGRAM,2023
967,32,JAWA BARAT,3279,KOTA BANJAR,7,JULI,25645,RUPIAH/KILOGRAM,2023
968,32,JAWA BARAT,3279,KOTA BANJAR,8,AGUSTUS,28177,RUPIAH/KILOGRAM,2023
969,32,JAWA BARAT,3279,KOTA BANJAR,9,SEPTEMBER,30000,RUPIAH/KILOGRAM,2023
970,32,JAWA BARAT,3279,KOTA BANJAR,10,OKTOBER,31355,RUPIAH/KILOGRAM,2023
971,32,JAWA BARAT,3279,KOTA BANJAR,11,NOVEMBER,33000,RUPIAH/KILOGRAM,2023
972,32,JAWA BARAT,3279,KOTA BANJAR,12,DESEMBER,32161,RUPIAH/KILOGRAM,2023
973,32,JAWA BARAT,3201,KABUPATEN BOGOR,1,JANUARI,37000,RUPIAH/KILOGRAM,2024
974,32,JAWA BARAT,3201,KABUPATEN BOGOR,2,FEBRUARI,38000,RUPIAH/KILOGRAM,2024
975,32,JAWA BARAT,3201,KABUPATEN BOGOR,3,MARET,40000,RUPIAH/KILOGRAM,2024
976,32,JAWA BARAT,3201,KABUPATEN BOGOR,4,APRIL,50000,RUPIAH/KILOGRAM,2024
977,32,JAWA BARAT,3201,KABUPATEN BOGOR,5,MEI,60000,RUPIAH/KILOGRAM,2024
978,32,JAWA BARAT,3201,KABUPATEN BOGOR,6,JUNI,63600,RUPIAH/KILOGRAM,2024
979,32,JAWA BARAT,3201,KABUPATEN BOGOR,7,JULI,66000,RUPIAH/KILOGRAM,2024
980,32,JAWA BARAT,3201,KABUPATEN BOGOR,8,AGUSTUS,59400,RUPIAH/KILOGRAM,2024
981,32,JAWA BARAT,3201,KABUPATEN BOGOR,9,SEPTEMBER,59250,RUPIAH/KILOGRAM,2024
982,32,JAWA BARAT,3201,KABUPATEN BOGOR,10,OKTOBER,58800,RUPIAH/KILOGRAM,2024
983,32,JAWA BARAT,3201,KABUPATEN BOGOR,11,NOVEMBER,61000,RUPIAH/KILOGRAM,2024
984,32,JAWA BARAT,3201,KABUPATEN BOGOR,12,DESEMBER,62200,RUPIAH/KILOGRAM,2024
985,32,JAWA BARAT,3202,KABUPATEN SUKABUMI,1,JANUARI,38226,RUPIAH/KILOGRAM,2024
986,32,JAWA BARAT,3202,KABUPATEN SUKABUMI,2,FEBRUARI,37069,RUPIAH/KILOGRAM,2024
987,32,JAWA BARAT,3202,KABUPATEN SUKABUMI,3,MARET,36581,RUPIAH/KILOGRAM,2024
988,32,JAWA BARAT,3202,KABUPATEN SUKABUMI,4,APRIL,36367,RUPIAH/KILOGRAM,2024
989,32,JAWA BARAT,3202,KABUPATEN SUKABUMI,5,MEI,36419,RUPIAH/KILOGRAM,2024
990,32,JAWA BARAT,3202,KABUPATEN SUKABUMI,6,JUNI,36591,RUPIAH/KILOGRAM,2024
991,32,JAWA BARAT,3202,KABUPATEN SUKABUMI,7,JULI,0,RUPIAH/KILOGRAM,2024
992,32,JAWA BARAT,3202,KABUPATEN SUKABUMI,8,AGUSTUS,55000,RUPIAH/KILOGRAM,2024
993,32,JAWA BARAT,3202,KABUPATEN SUKABUMI,9,SEPTEMBER,0,RUPIAH/KILOGRAM,2024
994,32,JAWA BARAT,3202,KABUPATEN SUKABUMI,10,OKTOBER,0,RUPIAH/KILOGRAM,2024
995,32,JAWA BARAT,3202,KABUPATEN SUKABUMI,11,NOVEMBER,0,RUPIAH/KILOGRAM,2024
996,32,JAWA BARAT,3202,KABUPATEN SUKABUMI,12,DESEMBER,0,RUPIAH/KILOGRAM,2024
997,32,JAWA BARAT,3203,KABUPATEN CIANJUR,1,JANUARI,25000,RUPIAH/KILOGRAM,2024
998,32,JAWA BARAT,3203,KABUPATEN CIANJUR,2,FEBRUARI,25000,RUPIAH/KILOGRAM,2024
999,32,JAWA BARAT,3203,KABUPATEN CIANJUR,3,MARET,51129,RUPIAH/KILOGRAM,2024
1000,32,JAWA BARAT,3203,KABUPATEN CIANJUR,4,APRIL,70000,RUPIAH/KILOGRAM,2024
1001,32,JAWA BARAT,3203,KABUPATEN CIANJUR,5,MEI,70000,RUPIAH/KILOGRAM,2024
1002,32,JAWA BARAT,3203,KABUPATEN CIANJUR,6,JUNI,70000,RUPIAH/KILOGRAM,2024
1003,32,JAWA BARAT,3203,KABUPATEN CIANJUR,7,JULI,70000,RUPIAH/KILOGRAM,2024
1004,32,JAWA BARAT,3203,KABUPATEN CIANJUR,8,AGUSTUS,70000,RUPIAH/KILOGRAM,2024
1005,32,JAWA BARAT,3203,KABUPATEN CIANJUR,9,SEPTEMBER,70000,RUPIAH/KILOGRAM,2024
1006,32,JAWA BARAT,3203,KABUPATEN CIANJUR,10,OKTOBER,70000,RUPIAH/KILOGRAM,2024
1007,32,JAWA BARAT,3203,KABUPATEN CIANJUR,11,NOVEMBER,70000,RUPIAH/KILOGRAM,2024
1008,32,JAWA BARAT,3203,KABUPATEN CIANJUR,12,DESEMBER,70000,RUPIAH/KILOGRAM,2024
1009,32,JAWA BARAT,3204,KABUPATEN BANDUNG,1,JANUARI,18000,RUPIAH/KILOGRAM,2024
1010,32,JAWA BARAT,3204,KABUPATEN BANDUNG,2,FEBRUARI,18000,RUPIAH/KILOGRAM,2024
1011,32,JAWA BARAT,3204,KABUPATEN BANDUNG,3,MARET,24032,RUPIAH/KILOGRAM,2024
1012,32,JAWA BARAT,3204,KABUPATEN BANDUNG,4,APRIL,35000,RUPIAH/KILOGRAM,2024
1013,32,JAWA BARAT,3204,KABUPATEN BANDUNG,5,MEI,35000,RUPIAH/KILOGRAM,2024
1014,32,JAWA BARAT,3204,KABUPATEN BANDUNG,6,JUNI,35000,RUPIAH/KILOGRAM,2024
1015,32,JAWA BARAT,3204,KABUPATEN BANDUNG,7,JULI,44677,RUPIAH/KILOGRAM,2024
1016,32,JAWA BARAT,3204,KABUPATEN BANDUNG,8,AGUSTUS,55000,RUPIAH/KILOGRAM,2024
1017,32,JAWA BARAT,3204,KABUPATEN BANDUNG,9,SEPTEMBER,38448,RUPIAH/KILOGRAM,2024
1018,32,JAWA BARAT,3204,KABUPATEN BANDUNG,10,OKTOBER,35000,RUPIAH/KILOGRAM,2024
1019,32,JAWA BARAT,3204,KABUPATEN BANDUNG,11,NOVEMBER,35000,RUPIAH/KILOGRAM,2024
1020,32,JAWA BARAT,3204,KABUPATEN BANDUNG,12,DESEMBER,36290,RUPIAH/KILOGRAM,2024
1021,32,JAWA BARAT,3205,KABUPATEN GARUT,1,JANUARI,0,RUPIAH/KILOGRAM,2024
1022,32,JAWA BARAT,3205,KABUPATEN GARUT,2,FEBRUARI,0,RUPIAH/KILOGRAM,2024
1023,32,JAWA BARAT,3205,KABUPATEN GARUT,3,MARET,0,RUPIAH/KILOGRAM,2024
1024,32,JAWA BARAT,3205,KABUPATEN GARUT,4,APRIL,0,RUPIAH/KILOGRAM,2024
1025,32,JAWA BARAT,3205,KABUPATEN GARUT,5,MEI,0,RUPIAH/KILOGRAM,2024
1026,32,JAWA BARAT,3205,KABUPATEN GARUT,6,JUNI,0,RUPIAH/KILOGRAM,2024
1027,32,JAWA BARAT,3205,KABUPATEN GARUT,7,JULI,0,RUPIAH/KILOGRAM,2024
1028,32,JAWA BARAT,3205,KABUPATEN GARUT,8,AGUSTUS,0,RUPIAH/KILOGRAM,2024
1029,32,JAWA BARAT,3205,KABUPATEN GARUT,9,SEPTEMBER,0,RUPIAH/KILOGRAM,2024
1030,32,JAWA BARAT,3205,KABUPATEN GARUT,10,OKTOBER,0,RUPIAH/KILOGRAM,2024
1031,32,JAWA BARAT,3205,KABUPATEN GARUT,11,NOVEMBER,0,RUPIAH/KILOGRAM,2024
1032,32,JAWA BARAT,3205,KABUPATEN GARUT,12,DESEMBER,0,RUPIAH/KILOGRAM,2024
1033,32,JAWA BARAT,3206,KABUPATEN TASIKMALAYA,1,JANUARI,30677,RUPIAH/KILOGRAM,2024
1034,32,JAWA BARAT,3206,KABUPATEN TASIKMALAYA,2,FEBRUARI,36345,RUPIAH/KILOGRAM,2024
1035,32,JAWA BARAT,3206,KABUPATEN TASIKMALAYA,3,MARET,38000,RUPIAH/KILOGRAM,2024
1036,32,JAWA BARAT,3206,KABUPATEN TASIKMALAYA,4,APRIL,38000,RUPIAH/KILOGRAM,2024
1037,32,JAWA BARAT,3206,KABUPATEN TASIKMALAYA,5,MEI,38000,RUPIAH/KILOGRAM,2024
1038,32,JAWA BARAT,3206,KABUPATEN TASIKMALAYA,6,JUNI,38000,RUPIAH/KILOGRAM,2024
1039,32,JAWA BARAT,3206,KABUPATEN TASIKMALAYA,7,JULI,39161,RUPIAH/KILOGRAM,2024
1040,32,JAWA BARAT,3206,KABUPATEN TASIKMALAYA,8,AGUSTUS,40000,RUPIAH/KILOGRAM,2024
1041,32,JAWA BARAT,3206,KABUPATEN TASIKMALAYA,9,SEPTEMBER,40000,RUPIAH/KILOGRAM,2024
1042,32,JAWA BARAT,3206,KABUPATEN TASIKMALAYA,10,OKTOBER,35323,RUPIAH/KILOGRAM,2024
1043,32,JAWA BARAT,3206,KABUPATEN TASIKMALAYA,11,NOVEMBER,35000,RUPIAH/KILOGRAM,2024
1044,32,JAWA BARAT,3206,KABUPATEN TASIKMALAYA,12,DESEMBER,35000,RUPIAH/KILOGRAM,2024
1045,32,JAWA BARAT,3207,KABUPATEN CIAMIS,1,JANUARI,27000,RUPIAH/KILOGRAM,2024
1046,32,JAWA BARAT,3207,KABUPATEN CIAMIS,2,FEBRUARI,26103,RUPIAH/KILOGRAM,2024
1047,32,JAWA BARAT,3207,KABUPATEN CIAMIS,3,MARET,27000,RUPIAH/KILOGRAM,2024
1048,32,JAWA BARAT,3207,KABUPATEN CIAMIS,4,APRIL,29000,RUPIAH/KILOGRAM,2024
1049,32,JAWA BARAT,3207,KABUPATEN CIAMIS,5,MEI,40806,RUPIAH/KILOGRAM,2024
1050,32,JAWA BARAT,3207,KABUPATEN CIAMIS,6,JUNI,40000,RUPIAH/KILOGRAM,2024
1051,32,JAWA BARAT,3207,KABUPATEN CIAMIS,7,JULI,47226,RUPIAH/KILOGRAM,2024
1052,32,JAWA BARAT,3207,KABUPATEN CIAMIS,8,AGUSTUS,52000,RUPIAH/KILOGRAM,2024
1053,32,JAWA BARAT,3207,KABUPATEN CIAMIS,9,SEPTEMBER,52000,RUPIAH/KILOGRAM,2024
1054,32,JAWA BARAT,3207,KABUPATEN CIAMIS,10,OKTOBER,48000,RUPIAH/KILOGRAM,2024
1055,32,JAWA BARAT,3207,KABUPATEN CIAMIS,11,NOVEMBER,48000,RUPIAH/KILOGRAM,2024
1056,32,JAWA BARAT,3207,KABUPATEN CIAMIS,12,DESEMBER,55000,RUPIAH/KILOGRAM,2024
1057,32,JAWA BARAT,3208,KABUPATEN KUNINGAN,1,JANUARI,48710,RUPIAH/KILOGRAM,2024
1058,32,JAWA BARAT,3208,KABUPATEN KUNINGAN,2,FEBRUARI,50000,RUPIAH/KILOGRAM,2024
1059,32,JAWA BARAT,3208,KABUPATEN KUNINGAN,3,MARET,59194,RUPIAH/KILOGRAM,2024
1060,32,JAWA BARAT,3208,KABUPATEN KUNINGAN,4,APRIL,65000,RUPIAH/KILOGRAM,2024
1061,32,JAWA BARAT,3208,KABUPATEN KUNINGAN,5,MEI,59633,RUPIAH/KILOGRAM,2024
1062,32,JAWA BARAT,3208,KABUPATEN KUNINGAN,6,JUNI,60900,RUPIAH/KILOGRAM,2024
1063,32,JAWA BARAT,3208,KABUPATEN KUNINGAN,7,JULI,64548,RUPIAH/KILOGRAM,2024
1064,32,JAWA BARAT,3208,KABUPATEN KUNINGAN,8,AGUSTUS,67000,RUPIAH/KILOGRAM,2024
1065,32,JAWA BARAT,3208,KABUPATEN KUNINGAN,9,SEPTEMBER,62667,RUPIAH/KILOGRAM,2024
1066,32,JAWA BARAT,3208,KABUPATEN KUNINGAN,10,OKTOBER,60000,RUPIAH/KILOGRAM,2024
1067,32,JAWA BARAT,3208,KABUPATEN KUNINGAN,11,NOVEMBER,60000,RUPIAH/KILOGRAM,2024
1068,32,JAWA BARAT,3208,KABUPATEN KUNINGAN,12,DESEMBER,61484,RUPIAH/KILOGRAM,2024
1069,32,JAWA BARAT,3209,KABUPATEN CIREBON,1,JANUARI,0,RUPIAH/KILOGRAM,2024
1070,32,JAWA BARAT,3209,KABUPATEN CIREBON,2,FEBRUARI,0,RUPIAH/KILOGRAM,2024
1071,32,JAWA BARAT,3209,KABUPATEN CIREBON,3,MARET,0,RUPIAH/KILOGRAM,2024
1072,32,JAWA BARAT,3209,KABUPATEN CIREBON,4,APRIL,0,RUPIAH/KILOGRAM,2024
1073,32,JAWA BARAT,3209,KABUPATEN CIREBON,5,MEI,0,RUPIAH/KILOGRAM,2024
1074,32,JAWA BARAT,3209,KABUPATEN CIREBON,6,JUNI,0,RUPIAH/KILOGRAM,2024
1075,32,JAWA BARAT,3209,KABUPATEN CIREBON,7,JULI,0,RUPIAH/KILOGRAM,2024
1076,32,JAWA BARAT,3209,KABUPATEN CIREBON,8,AGUSTUS,0,RUPIAH/KILOGRAM,2024
1077,32,JAWA BARAT,3209,KABUPATEN CIREBON,9,SEPTEMBER,0,RUPIAH/KILOGRAM,2024
1078,32,JAWA BARAT,3209,KABUPATEN CIREBON,10,OKTOBER,0,RUPIAH/KILOGRAM,2024
1079,32,JAWA BARAT,3209,KABUPATEN CIREBON,11,NOVEMBER,0,RUPIAH/KILOGRAM,2024
1080,32,JAWA BARAT,3209,KABUPATEN CIREBON,12,DESEMBER,0,RUPIAH/KILOGRAM,2024
1081,32,JAWA BARAT,3210,KABUPATEN MAJALENGKA,1,JANUARI,42000,RUPIAH/KILOGRAM,2024
1082,32,JAWA BARAT,3210,KABUPATEN MAJALENGKA,2,FEBRUARI,46248,RUPIAH/KILOGRAM,2024
1083,32,JAWA BARAT,3210,KABUPATEN MAJALENGKA,3,MARET,67322,RUPIAH/KILOGRAM,2024
1084,32,JAWA BARAT,3210,KABUPATEN MAJALENGKA,4,APRIL,68000,RUPIAH/KILOGRAM,2024
1085,32,JAWA BARAT,3210,KABUPATEN MAJALENGKA,5,MEI,69133,RUPIAH/KILOGRAM,2024
1086,32,JAWA BARAT,3210,KABUPATEN MAJALENGKA,6,JUNI,78000,RUPIAH/KILOGRAM,2024
1087,32,JAWA BARAT,3210,KABUPATEN MAJALENGKA,7,JULI,63387,RUPIAH/KILOGRAM,2024
1088,32,JAWA BARAT,3210,KABUPATEN MAJALENGKA,8,AGUSTUS,67000,RUPIAH/KILOGRAM,2024
1089,32,JAWA BARAT,3210,KABUPATEN MAJALENGKA,9,SEPTEMBER,71050,RUPIAH/KILOGRAM,2024
1090,32,JAWA BARAT,3210,KABUPATEN MAJALENGKA,10,OKTOBER,72113,RUPIAH/KILOGRAM,2024
1091,32,JAWA BARAT,3210,KABUPATEN MAJALENGKA,11,NOVEMBER,73000,RUPIAH/KILOGRAM,2024
1092,32,JAWA BARAT,3210,KABUPATEN MAJALENGKA,12,DESEMBER,73903,RUPIAH/KILOGRAM,2024
1093,32,JAWA BARAT,3211,KABUPATEN SUMEDANG,1,JANUARI,0,RUPIAH/KILOGRAM,2024
1094,32,JAWA BARAT,3211,KABUPATEN SUMEDANG,2,FEBRUARI,0,RUPIAH/KILOGRAM,2024
1095,32,JAWA BARAT,3211,KABUPATEN SUMEDANG,3,MARET,0,RUPIAH/KILOGRAM,2024
1096,32,JAWA BARAT,3211,KABUPATEN SUMEDANG,4,APRIL,0,RUPIAH/KILOGRAM,2024
1097,32,JAWA BARAT,3211,KABUPATEN SUMEDANG,5,MEI,0,RUPIAH/KILOGRAM,2024
1098,32,JAWA BARAT,3211,KABUPATEN SUMEDANG,6,JUNI,0,RUPIAH/KILOGRAM,2024
1099,32,JAWA BARAT,3211,KABUPATEN SUMEDANG,7,JULI,0,RUPIAH/KILOGRAM,2024
1100,32,JAWA BARAT,3211,KABUPATEN SUMEDANG,8,AGUSTUS,0,RUPIAH/KILOGRAM,2024
1101,32,JAWA BARAT,3211,KABUPATEN SUMEDANG,9,SEPTEMBER,0,RUPIAH/KILOGRAM,2024
1102,32,JAWA BARAT,3211,KABUPATEN SUMEDANG,10,OKTOBER,0,RUPIAH/KILOGRAM,2024
1103,32,JAWA BARAT,3211,KABUPATEN SUMEDANG,11,NOVEMBER,0,RUPIAH/KILOGRAM,2024
1104,32,JAWA BARAT,3211,KABUPATEN SUMEDANG,12,DESEMBER,0,RUPIAH/KILOGRAM,2024
1105,32,JAWA BARAT,3212,KABUPATEN INDRAMAYU,1,JANUARI,0,RUPIAH/KILOGRAM,2024
1106,32,JAWA BARAT,3212,KABUPATEN INDRAMAYU,2,FEBRUARI,0,RUPIAH/KILOGRAM,2024
1107,32,JAWA BARAT,3212,KABUPATEN INDRAMAYU,3,MARET,0,RUPIAH/KILOGRAM,2024
1108,32,JAWA BARAT,3212,KABUPATEN INDRAMAYU,4,APRIL,0,RUPIAH/KILOGRAM,2024
1109,32,JAWA BARAT,3212,KABUPATEN INDRAMAYU,5,MEI,0,RUPIAH/KILOGRAM,2024
1110,32,JAWA BARAT,3212,KABUPATEN INDRAMAYU,6,JUNI,0,RUPIAH/KILOGRAM,2024
1111,32,JAWA BARAT,3212,KABUPATEN INDRAMAYU,7,JULI,0,RUPIAH/KILOGRAM,2024
1112,32,JAWA BARAT,3212,KABUPATEN INDRAMAYU,8,AGUSTUS,0,RUPIAH/KILOGRAM,2024
1113,32,JAWA BARAT,3212,KABUPATEN INDRAMAYU,9,SEPTEMBER,0,RUPIAH/KILOGRAM,2024
1114,32,JAWA BARAT,3212,KABUPATEN INDRAMAYU,10,OKTOBER,0,RUPIAH/KILOGRAM,2024
1115,32,JAWA BARAT,3212,KABUPATEN INDRAMAYU,11,NOVEMBER,0,RUPIAH/KILOGRAM,2024
1116,32,JAWA BARAT,3212,KABUPATEN INDRAMAYU,12,DESEMBER,0,RUPIAH/KILOGRAM,2024
1117,32,JAWA BARAT,3213,KABUPATEN SUBANG,1,JANUARI,50000,RUPIAH/KILOGRAM,2024
1118,32,JAWA BARAT,3213,KABUPATEN SUBANG,2,FEBRUARI,50000,RUPIAH/KILOGRAM,2024
1119,32,JAWA BARAT,3213,KABUPATEN SUBANG,3,MARET,50000,RUPIAH/KILOGRAM,2024
1120,32,JAWA BARAT,3213,KABUPATEN SUBANG,4,APRIL,60000,RUPIAH/KILOGRAM,2024
1121,32,JAWA BARAT,3213,KABUPATEN SUBANG,5,MEI,70000,RUPIAH/KILOGRAM,2024
1122,32,JAWA BARAT,3213,KABUPATEN SUBANG,6,JUNI,70000,RUPIAH/KILOGRAM,2024
1123,32,JAWA BARAT,3213,KABUPATEN SUBANG,7,JULI,0,RUPIAH/KILOGRAM,2024
1124,32,JAWA BARAT,3213,KABUPATEN SUBANG,8,AGUSTUS,0,RUPIAH/KILOGRAM,2024
1125,32,JAWA BARAT,3213,KABUPATEN SUBANG,9,SEPTEMBER,0,RUPIAH/KILOGRAM,2024
1126,32,JAWA BARAT,3213,KABUPATEN SUBANG,10,OKTOBER,0,RUPIAH/KILOGRAM,2024
1127,32,JAWA BARAT,3213,KABUPATEN SUBANG,11,NOVEMBER,0,RUPIAH/KILOGRAM,2024
1128,32,JAWA BARAT,3213,KABUPATEN SUBANG,12,DESEMBER,0,RUPIAH/KILOGRAM,2024
1129,32,JAWA BARAT,3214,KABUPATEN PURWAKARTA,1,JANUARI,50000,RUPIAH/KILOGRAM,2024
1130,32,JAWA BARAT,3214,KABUPATEN PURWAKARTA,2,FEBRUARI,50000,RUPIAH/KILOGRAM,2024
1131,32,JAWA BARAT,3214,KABUPATEN PURWAKARTA,3,MARET,48226,RUPIAH/KILOGRAM,2024
1132,32,JAWA BARAT,3214,KABUPATEN PURWAKARTA,4,APRIL,45000,RUPIAH/KILOGRAM,2024
1133,32,JAWA BARAT,3214,KABUPATEN PURWAKARTA,5,MEI,45000,RUPIAH/KILOGRAM,2024
1134,32,JAWA BARAT,3214,KABUPATEN PURWAKARTA,6,JUNI,45000,RUPIAH/KILOGRAM,2024
1135,32,JAWA BARAT,3214,KABUPATEN PURWAKARTA,7,JULI,59839,RUPIAH/KILOGRAM,2024
1136,32,JAWA BARAT,3214,KABUPATEN PURWAKARTA,8,AGUSTUS,55000,RUPIAH/KILOGRAM,2024
1137,32,JAWA BARAT,3214,KABUPATEN PURWAKARTA,9,SEPTEMBER,55000,RUPIAH/KILOGRAM,2024
1138,32,JAWA BARAT,3214,KABUPATEN PURWAKARTA,10,OKTOBER,55000,RUPIAH/KILOGRAM,2024
1139,32,JAWA BARAT,3214,KABUPATEN PURWAKARTA,11,NOVEMBER,35000,RUPIAH/KILOGRAM,2024
1140,32,JAWA BARAT,3214,KABUPATEN PURWAKARTA,12,DESEMBER,35000,RUPIAH/KILOGRAM,2024
1141,32,JAWA BARAT,3215,KABUPATEN KARAWANG,1,JANUARI,32000,RUPIAH/KILOGRAM,2024
1142,32,JAWA BARAT,3215,KABUPATEN KARAWANG,2,FEBRUARI,32000,RUPIAH/KILOGRAM,2024
1143,32,JAWA BARAT,3215,KABUPATEN KARAWANG,3,MARET,40000,RUPIAH/KILOGRAM,2024
1144,32,JAWA BARAT,3215,KABUPATEN KARAWANG,4,APRIL,40000,RUPIAH/KILOGRAM,2024
1145,32,JAWA BARAT,3215,KABUPATEN KARAWANG,5,MEI,40000,RUPIAH/KILOGRAM,2024
1146,32,JAWA BARAT,3215,KABUPATEN KARAWANG,6,JUNI,48000,RUPIAH/KILOGRAM,2024
1147,32,JAWA BARAT,3215,KABUPATEN KARAWANG,7,JULI,52000,RUPIAH/KILOGRAM,2024
1148,32,JAWA BARAT,3215,KABUPATEN KARAWANG,8,AGUSTUS,55000,RUPIAH/KILOGRAM,2024
1149,32,JAWA BARAT,3215,KABUPATEN KARAWANG,9,SEPTEMBER,55000,RUPIAH/KILOGRAM,2024
1150,32,JAWA BARAT,3215,KABUPATEN KARAWANG,10,OKTOBER,55000,RUPIAH/KILOGRAM,2024
1151,32,JAWA BARAT,3215,KABUPATEN KARAWANG,11,NOVEMBER,55000,RUPIAH/KILOGRAM,2024
1152,32,JAWA BARAT,3215,KABUPATEN KARAWANG,12,DESEMBER,55000,RUPIAH/KILOGRAM,2024
1153,32,JAWA BARAT,3216,KABUPATEN BEKASI,1,JANUARI,0,RUPIAH/KILOGRAM,2024
1154,32,JAWA BARAT,3216,KABUPATEN BEKASI,2,FEBRUARI,0,RUPIAH/KILOGRAM,2024
1155,32,JAWA BARAT,3216,KABUPATEN BEKASI,3,MARET,0,RUPIAH/KILOGRAM,2024
1156,32,JAWA BARAT,3216,KABUPATEN BEKASI,4,APRIL,0,RUPIAH/KILOGRAM,2024
1157,32,JAWA BARAT,3216,KABUPATEN BEKASI,5,MEI,0,RUPIAH/KILOGRAM,2024
1158,32,JAWA BARAT,3216,KABUPATEN BEKASI,6,JUNI,0,RUPIAH/KILOGRAM,2024
1159,32,JAWA BARAT,3216,KABUPATEN BEKASI,7,JULI,0,RUPIAH/KILOGRAM,2024
1160,32,JAWA BARAT,3216,KABUPATEN BEKASI,8,AGUSTUS,0,RUPIAH/KILOGRAM,2024
1161,32,JAWA BARAT,3216,KABUPATEN BEKASI,9,SEPTEMBER,0,RUPIAH/KILOGRAM,2024
1162,32,JAWA BARAT,3216,KABUPATEN BEKASI,10,OKTOBER,0,RUPIAH/KILOGRAM,2024
1163,32,JAWA BARAT,3216,KABUPATEN BEKASI,11,NOVEMBER,0,RUPIAH/KILOGRAM,2024
1164,32,JAWA BARAT,3216,KABUPATEN BEKASI,12,DESEMBER,0,RUPIAH/KILOGRAM,2024
1165,32,JAWA BARAT,3217,KABUPATEN BANDUNG BARAT,1,JANUARI,37581,RUPIAH/KILOGRAM,2024
1166,32,JAWA BARAT,3217,KABUPATEN BANDUNG BARAT,2,FEBRUARI,35000,RUPIAH/KILOGRAM,2024
1167,32,JAWA BARAT,3217,KABUPATEN BANDUNG BARAT,3,MARET,35000,RUPIAH/KILOGRAM,2024
1168,32,JAWA BARAT,3217,KABUPATEN BANDUNG BARAT,4,APRIL,33700,RUPIAH/KILOGRAM,2024
1169,32,JAWA BARAT,3217,KABUPATEN BANDUNG BARAT,5,MEI,31290,RUPIAH/KILOGRAM,2024
1170,32,JAWA BARAT,3217,KABUPATEN BANDUNG BARAT,6,JUNI,35000,RUPIAH/KILOGRAM,2024
1171,32,JAWA BARAT,3217,KABUPATEN BANDUNG BARAT,7,JULI,48871,RUPIAH/KILOGRAM,2024
1172,32,JAWA BARAT,3217,KABUPATEN BANDUNG BARAT,8,AGUSTUS,60000,RUPIAH/KILOGRAM,2024
1173,32,JAWA BARAT,3217,KABUPATEN BANDUNG BARAT,9,SEPTEMBER,60000,RUPIAH/KILOGRAM,2024
1174,32,JAWA BARAT,3217,KABUPATEN BANDUNG BARAT,10,OKTOBER,62419,RUPIAH/KILOGRAM,2024
1175,32,JAWA BARAT,3217,KABUPATEN BANDUNG BARAT,11,NOVEMBER,61667,RUPIAH/KILOGRAM,2024
1176,32,JAWA BARAT,3217,KABUPATEN BANDUNG BARAT,12,DESEMBER,61935,RUPIAH/KILOGRAM,2024
1177,32,JAWA BARAT,3218,KABUPATEN PANGANDARAN,1,JANUARI,45000,RUPIAH/KILOGRAM,2024
1178,32,JAWA BARAT,3218,KABUPATEN PANGANDARAN,2,FEBRUARI,45000,RUPIAH/KILOGRAM,2024
1179,32,JAWA BARAT,3218,KABUPATEN PANGANDARAN,3,MARET,45000,RUPIAH/KILOGRAM,2024
1180,32,JAWA BARAT,3218,KABUPATEN PANGANDARAN,4,APRIL,45000,RUPIAH/KILOGRAM,2024
1181,32,JAWA BARAT,3218,KABUPATEN PANGANDARAN,5,MEI,50000,RUPIAH/KILOGRAM,2024
1182,32,JAWA BARAT,3218,KABUPATEN PANGANDARAN,6,JUNI,60000,RUPIAH/KILOGRAM,2024
1183,32,JAWA BARAT,3218,KABUPATEN PANGANDARAN,7,JULI,60000,RUPIAH/KILOGRAM,2024
1184,32,JAWA BARAT,3218,KABUPATEN PANGANDARAN,8,AGUSTUS,55000,RUPIAH/KILOGRAM,2024
1185,32,JAWA BARAT,3218,KABUPATEN PANGANDARAN,9,SEPTEMBER,55000,RUPIAH/KILOGRAM,2024
1186,32,JAWA BARAT,3218,KABUPATEN PANGANDARAN,10,OKTOBER,58000,RUPIAH/KILOGRAM,2024
1187,32,JAWA BARAT,3218,KABUPATEN PANGANDARAN,11,NOVEMBER,58000,RUPIAH/KILOGRAM,2024
1188,32,JAWA BARAT,3218,KABUPATEN PANGANDARAN,12,DESEMBER,58000,RUPIAH/KILOGRAM,2024
1189,32,JAWA BARAT,3271,KOTA BOGOR,1,JANUARI,0,RUPIAH/KILOGRAM,2024
1190,32,JAWA BARAT,3271,KOTA BOGOR,2,FEBRUARI,0,RUPIAH/KILOGRAM,2024
1191,32,JAWA BARAT,3271,KOTA BOGOR,3,MARET,0,RUPIAH/KILOGRAM,2024
1192,32,JAWA BARAT,3271,KOTA BOGOR,4,APRIL,0,RUPIAH/KILOGRAM,2024
1193,32,JAWA BARAT,3271,KOTA BOGOR,5,MEI,0,RUPIAH/KILOGRAM,2024
1194,32,JAWA BARAT,3271,KOTA BOGOR,6,JUNI,0,RUPIAH/KILOGRAM,2024
1195,32,JAWA BARAT,3271,KOTA BOGOR,7,JULI,0,RUPIAH/KILOGRAM,2024
1196,32,JAWA BARAT,3271,KOTA BOGOR,8,AGUSTUS,0,RUPIAH/KILOGRAM,2024
1197,32,JAWA BARAT,3271,KOTA BOGOR,9,SEPTEMBER,0,RUPIAH/KILOGRAM,2024
1198,32,JAWA BARAT,3271,KOTA BOGOR,10,OKTOBER,0,RUPIAH/KILOGRAM,2024
1199,32,JAWA BARAT,3271,KOTA BOGOR,11,NOVEMBER,0,RUPIAH/KILOGRAM,2024
1200,32,JAWA BARAT,3271,KOTA BOGOR,12,DESEMBER,0,RUPIAH/KILOGRAM,2024
1201,32,JAWA BARAT,3272,KOTA SUKABUMI,1,JANUARI,0,RUPIAH/KILOGRAM,2024
1202,32,JAWA BARAT,3272,KOTA SUKABUMI,2,FEBRUARI,0,RUPIAH/KILOGRAM,2024
1203,32,JAWA BARAT,3272,KOTA SUKABUMI,3,MARET,0,RUPIAH/KILOGRAM,2024
1204,32,JAWA BARAT,3272,KOTA SUKABUMI,4,APRIL,0,RUPIAH/KILOGRAM,2024
1205,32,JAWA BARAT,3272,KOTA SUKABUMI,5,MEI,0,RUPIAH/KILOGRAM,2024
1206,32,JAWA BARAT,3272,KOTA SUKABUMI,6,JUNI,0,RUPIAH/KILOGRAM,2024
1207,32,JAWA BARAT,3272,KOTA SUKABUMI,7,JULI,0,RUPIAH/KILOGRAM,2024
1208,32,JAWA BARAT,3272,KOTA SUKABUMI,8,AGUSTUS,0,RUPIAH/KILOGRAM,2024
1209,32,JAWA BARAT,3272,KOTA SUKABUMI,9,SEPTEMBER,0,RUPIAH/KILOGRAM,2024
1210,32,JAWA BARAT,3272,KOTA SUKABUMI,10,OKTOBER,0,RUPIAH/KILOGRAM,2024
1211,32,JAWA BARAT,3272,KOTA SUKABUMI,11,NOVEMBER,0,RUPIAH/KILOGRAM,2024
1212,32,JAWA BARAT,3272,KOTA SUKABUMI,12,DESEMBER,0,RUPIAH/KILOGRAM,2024
1213,32,JAWA BARAT,3273,KOTA BANDUNG,1,JANUARI,0,RUPIAH/KILOGRAM,2024
1214,32,JAWA BARAT,3273,KOTA BANDUNG,2,FEBRUARI,0,RUPIAH/KILOGRAM,2024
1215,32,JAWA BARAT,3273,KOTA BANDUNG,3,MARET,0,RUPIAH/KILOGRAM,2024
1216,32,JAWA BARAT,3273,KOTA BANDUNG,4,APRIL,0,RUPIAH/KILOGRAM,2024
1217,32,JAWA BARAT,3273,KOTA BANDUNG,5,MEI,0,RUPIAH/KILOGRAM,2024
1218,32,JAWA BARAT,3273,KOTA BANDUNG,6,JUNI,0,RUPIAH/KILOGRAM,2024
1219,32,JAWA BARAT,3273,KOTA BANDUNG,7,JULI,0,RUPIAH/KILOGRAM,2024
1220,32,JAWA BARAT,3273,KOTA BANDUNG,8,AGUSTUS,0,RUPIAH/KILOGRAM,2024
1221,32,JAWA BARAT,3273,KOTA BANDUNG,9,SEPTEMBER,0,RUPIAH/KILOGRAM,2024
1222,32,JAWA BARAT,3273,KOTA BANDUNG,10,OKTOBER,0,RUPIAH/KILOGRAM,2024
1223,32,JAWA BARAT,3273,KOTA BANDUNG,11,NOVEMBER,0,RUPIAH/KILOGRAM,2024
1224,32,JAWA BARAT,3273,KOTA BANDUNG,12,DESEMBER,0,RUPIAH/KILOGRAM,2024
1225,32,JAWA BARAT,3274,KOTA CIREBON,1,JANUARI,0,RUPIAH/KILOGRAM,2024
1226,32,JAWA BARAT,3274,KOTA CIREBON,2,FEBRUARI,0,RUPIAH/KILOGRAM,2024
1227,32,JAWA BARAT,3274,KOTA CIREBON,3,MARET,0,RUPIAH/KILOGRAM,2024
1228,32,JAWA BARAT,3274,KOTA CIREBON,4,APRIL,0,RUPIAH/KILOGRAM,2024
1229,32,JAWA BARAT,3274,KOTA CIREBON,5,MEI,0,RUPIAH/KILOGRAM,2024
1230,32,JAWA BARAT,3274,KOTA CIREBON,6,JUNI,0,RUPIAH/KILOGRAM,2024
1231,32,JAWA BARAT,3274,KOTA CIREBON,7,JULI,0,RUPIAH/KILOGRAM,2024
1232,32,JAWA BARAT,3274,KOTA CIREBON,8,AGUSTUS,0,RUPIAH/KILOGRAM,2024
1233,32,JAWA BARAT,3274,KOTA CIREBON,9,SEPTEMBER,0,RUPIAH/KILOGRAM,2024
1234,32,JAWA BARAT,3274,KOTA CIREBON,10,OKTOBER,0,RUPIAH/KILOGRAM,2024
1235,32,JAWA BARAT,3274,KOTA CIREBON,11,NOVEMBER,0,RUPIAH/KILOGRAM,2024
1236,32,JAWA BARAT,3274,KOTA CIREBON,12,DESEMBER,0,RUPIAH/KILOGRAM,2024
1237,32,JAWA BARAT,3275,KOTA BEKASI,1,JANUARI,0,RUPIAH/KILOGRAM,2024
1238,32,JAWA BARAT,3275,KOTA BEKASI,2,FEBRUARI,0,RUPIAH/KILOGRAM,2024
1239,32,JAWA BARAT,3275,KOTA BEKASI,3,MARET,0,RUPIAH/KILOGRAM,2024
1240,32,JAWA BARAT,3275,KOTA BEKASI,4,APRIL,0,RUPIAH/KILOGRAM,2024
1241,32,JAWA BARAT,3275,KOTA BEKASI,5,MEI,0,RUPIAH/KILOGRAM,2024
1242,32,JAWA BARAT,3275,KOTA BEKASI,6,JUNI,0,RUPIAH/KILOGRAM,2024
1243,32,JAWA BARAT,3275,KOTA BEKASI,7,JULI,0,RUPIAH/KILOGRAM,2024
1244,32,JAWA BARAT,3275,KOTA BEKASI,8,AGUSTUS,0,RUPIAH/KILOGRAM,2024
1245,32,JAWA BARAT,3275,KOTA BEKASI,9,SEPTEMBER,0,RUPIAH/KILOGRAM,2024
1246,32,JAWA BARAT,3275,KOTA BEKASI,10,OKTOBER,0,RUPIAH/KILOGRAM,2024
1247,32,JAWA BARAT,3275,KOTA BEKASI,11,NOVEMBER,0,RUPIAH/KILOGRAM,2024
1248,32,JAWA BARAT,3275,KOTA BEKASI,12,DESEMBER,0,RUPIAH/KILOGRAM,2024
1249,32,JAWA BARAT,3276,KOTA DEPOK,1,JANUARI,0,RUPIAH/KILOGRAM,2024
1250,32,JAWA BARAT,3276,KOTA DEPOK,2,FEBRUARI,0,RUPIAH/KILOGRAM,2024
1251,32,JAWA BARAT,3276,KOTA DEPOK,3,MARET,0,RUPIAH/KILOGRAM,2024
1252,32,JAWA BARAT,3276,KOTA DEPOK,4,APRIL,0,RUPIAH/KILOGRAM,2024
1253,32,JAWA BARAT,3276,KOTA DEPOK,5,MEI,0,RUPIAH/KILOGRAM,2024
1254,32,JAWA BARAT,3276,KOTA DEPOK,6,JUNI,0,RUPIAH/KILOGRAM,2024
1255,32,JAWA BARAT,3276,KOTA DEPOK,7,JULI,0,RUPIAH/KILOGRAM,2024
1256,32,JAWA BARAT,3276,KOTA DEPOK,8,AGUSTUS,0,RUPIAH/KILOGRAM,2024
1257,32,JAWA BARAT,3276,KOTA DEPOK,9,SEPTEMBER,0,RUPIAH/KILOGRAM,2024
1258,32,JAWA BARAT,3276,KOTA DEPOK,10,OKTOBER,0,RUPIAH/KILOGRAM,2024
1259,32,JAWA BARAT,3276,KOTA DEPOK,11,NOVEMBER,0,RUPIAH/KILOGRAM,2024
1260,32,JAWA BARAT,3276,KOTA DEPOK,12,DESEMBER,0,RUPIAH/KILOGRAM,2024
1261,32,JAWA BARAT,3277,KOTA CIMAHI,1,JANUARI,0,RUPIAH/KILOGRAM,2024
1262,32,JAWA BARAT,3277,KOTA CIMAHI,2,FEBRUARI,0,RUPIAH/KILOGRAM,2024
1263,32,JAWA BARAT,3277,KOTA CIMAHI,3,MARET,0,RUPIAH/KILOGRAM,2024
1264,32,JAWA BARAT,3277,KOTA CIMAHI,4,APRIL,0,RUPIAH/KILOGRAM,2024
1265,32,JAWA BARAT,3277,KOTA CIMAHI,5,MEI,0,RUPIAH/KILOGRAM,2024
1266,32,JAWA BARAT,3277,KOTA CIMAHI,6,JUNI,0,RUPIAH/KILOGRAM,2024
1267,32,JAWA BARAT,3277,KOTA CIMAHI,7,JULI,0,RUPIAH/KILOGRAM,2024
1268,32,JAWA BARAT,3277,KOTA CIMAHI,8,AGUSTUS,0,RUPIAH/KILOGRAM,2024
1269,32,JAWA BARAT,3277,KOTA CIMAHI,9,SEPTEMBER,0,RUPIAH/KILOGRAM,2024
1270,32,JAWA BARAT,3277,KOTA CIMAHI,10,OKTOBER,0,RUPIAH/KILOGRAM,2024
1271,32,JAWA BARAT,3277,KOTA CIMAHI,11,NOVEMBER,0,RUPIAH/KILOGRAM,2024
1272,32,JAWA BARAT,3277,KOTA CIMAHI,12,DESEMBER,0,RUPIAH/KILOGRAM,2024
1273,32,JAWA BARAT,3278,KOTA TASIKMALAYA,1,JANUARI,20000,RUPIAH/KILOGRAM,2024
1274,32,JAWA BARAT,3278,KOTA TASIKMALAYA,2,FEBRUARI,20000,RUPIAH/KILOGRAM,2024
1275,32,JAWA BARAT,3278,KOTA TASIKMALAYA,3,MARET,22000,RUPIAH/KILOGRAM,2024
1276,32,JAWA BARAT,3278,KOTA TASIKMALAYA,4,APRIL,22000,RUPIAH/KILOGRAM,2024
1277,32,JAWA BARAT,3278,KOTA TASIKMALAYA,5,MEI,25000,RUPIAH/KILOGRAM,2024
1278,32,JAWA BARAT,3278,KOTA TASIKMALAYA,6,JUNI,30000,RUPIAH/KILOGRAM,2024
1279,32,JAWA BARAT,3278,KOTA TASIKMALAYA,7,JULI,32516,RUPIAH/KILOGRAM,2024
1280,32,JAWA BARAT,3278,KOTA TASIKMALAYA,8,AGUSTUS,28645,RUPIAH/KILOGRAM,2024
1281,32,JAWA BARAT,3278,KOTA TASIKMALAYA,9,SEPTEMBER,30000,RUPIAH/KILOGRAM,2024
1282,32,JAWA BARAT,3278,KOTA TASIKMALAYA,10,OKTOBER,29097,RUPIAH/KILOGRAM,2024
1283,32,JAWA BARAT,3278,KOTA TASIKMALAYA,11,NOVEMBER,29333,RUPIAH/KILOGRAM,2024
1284,32,JAWA BARAT,3278,KOTA TASIKMALAYA,12,DESEMBER,30000,RUPIAH/KILOGRAM,2024
1285,32,JAWA BARAT,3279,KOTA BANJAR,1,JANUARI,0,RUPIAH/KILOGRAM,2024
1286,32,JAWA BARAT,3279,KOTA BANJAR,2,FEBRUARI,0,RUPIAH/KILOGRAM,2024
1287,32,JAWA BARAT,3279,KOTA BANJAR,3,MARET,0,RUPIAH/KILOGRAM,2024
1288,32,JAWA BARAT,3279,KOTA BANJAR,4,APRIL,0,RUPIAH/KILOGRAM,2024
1289,32,JAWA BARAT,3279,KOTA BANJAR,5,MEI,0,RUPIAH/KILOGRAM,2024
1290,32,JAWA BARAT,3279,KOTA BANJAR,6,JUNI,0,RUPIAH/KILOGRAM,2024
1291,32,JAWA BARAT,3279,KOTA BANJAR,7,JULI,0,RUPIAH/KILOGRAM,2024
1292,32,JAWA BARAT,3279,KOTA BANJAR,8,AGUSTUS,0,RUPIAH/KILOGRAM,2024
1293,32,JAWA BARAT,3279,KOTA BANJAR,9,SEPTEMBER,0,RUPIAH/KILOGRAM,2024
1294,32,JAWA BARAT,3279,KOTA BANJAR,10,OKTOBER,0,RUPIAH/KILOGRAM,2024
1295,32,JAWA BARAT,3279,KOTA BANJAR,11,NOVEMBER,0,RUPIAH/KILOGRAM,2024
1296,32,JAWA BARAT,3279,KOTA BANJAR,12,DESEMBER,0,RUPIAH/KILOGRAM,2024
